start,end,speaker,text
"00:00:04.450","00:00:22.650","1","Iya jadi kemarin diskusi awalnya itu ini apa kan ini teman-teman yang beberapa kali setiap kali dua tiga kali lah kami ikut kompetensi nasional dengan konsep begini yang selalu ditanyakan terkait keamanan data."
"00:00:23.030","00:00:52.390","1","Oke dalam artian kan yang kan kemarin saya kasih share-share data-data sebenarnya kan yang sebenarnya orang-orang lain pun tidak yang punya data mungkin tidak tahu ininya datanya cuman itu kan kami manfaatkan untuk dari internalnya kami dengan perusahaannya kami juga untuk tidak di sharekan ke mana-mana itu kemarin sempat ditanyakan bilang apa sih yang kira-kira kalau pertanyaan itu dilemparkan dari Dewan Juri ke kami apa kita kontennya misalnya apa yang"
"00:00:52.390","00:01:21.750","1","yang bisa bantukan karena kan biasanya kalau simple ininya kan langsung saja kita bilang oh perusahaan vendor yang kita kami kontrakan itu adalah perusahaan yang sudah menetapkan ISO apa IT yang begitu yang tidak ada akan isinya begitu kan itu kemarin seandunya apa salah satu diskusinya itu terus kemudian yang kedua perihal ini apa yang tadi sudah di video khas di awal soal"
"00:01:21.750","00:01:51.110","1","fitur-fiturnya yang kita tampilkan kemarin sudah bagus kan cuman ada beberapa poin yang perlu kami mau ini apa kami mau tambahkan dalam bentuk dashboard seperti itu jadi tidak hanya konsep pencarian data saja jadi kayak ada beberapa item-item lagi yang berkaitan dengan ini marketing engineeringnya begitu deh gitu oke baik jadi kayak apa di itu kemudian"
"00:01:51.110","00:02:20.470","1","kemudian nanti kemungkinan besar kan ini kan harapannya juga ada kayak fitur apa di WA blast default jadi ada jadi nanti dari aplikasi itu mungkin ada ada apa HPnya dari kantor nomor AI kantor yang adminnya itu itu yang didaftarkan ke aplikasi apa"
"00:02:20.470","00:02:48.470","1","website apa website atau aplikasi apakah namanya nanti yang kita buat itu nanti terhubung ke WA nya dari nanti apa jadi kita di dipilihan dashboard tak itu nanti misalnya kita pilih pelanggan-pelanggan ini yang kita mau kirimkan misalnya ucapan hari raya idul fitri ya hari natal atau misalnya terima kasih sudah berpartisipasi atau telah menjalin kerjasama dengan kami itu yang mau kita ini juga mau kita"
"00:02:48.470","00:03:16.470","1","ini ini irham ini yang saya maaf mas fari ini tim marketing juga ya atasan saya di marketing lah ini mas ini yang ilham sabana ini yang developer yang kemarin yang diminta buatkan demo untuk aplikasi yang CRM itu tuh ini tadi sudah sudah beberapa"
"00:03:16.470","00:03:25.470","1","selamat menurutup sama mas siram ya Halo mas sorry selamat menurutup ini junior di kampus mas 2000 oh"
"00:03:25.470","00:03:37.470","3","penuh juga tapi sekarang kerjanya di IT di Serang ya Banten ya lagi di Banten di perusahaan apa mas programmer juga programmer kayak gojek gitu"
"00:03:37.470","00:03:44.470","3","oh di aplikasi di perusahaan oh di aplikasi Indonesia miripnya kompetitornya lah"
"00:03:44.470","00:03:46.470","3","oh"
"00:03:46.470","00:03:56.470","1","nice nice nice nice nice oke lanjut mas Amir ya ini mas tadi saya sudah menurutkan terkait yang aplikasi yang CRM kemarin kan konsepnya"
"00:03:56.470","00:04:05.470","1","saya sudah bahasakan mas terkait saya singgung yang soal apa keamanan data yang kemarin sempat diskusi jadi teman-teman mas yang terkait"
"00:04:05.470","00:04:14.470","1","ini kan sudah sesuai di awal tadi juga kemudian perihal baru WA-11 atau WA default gitu"
"00:04:14.470","00:04:30.470","1","yang kita sempat diskusikan untuk jadi salah satu fitur di ininya di apa di aplikasi itu nantinya kemudian baru sebatas itu sih mas sama"
"00:04:30.470","00:04:41.470","1","baru saya menjelaskan terkait apa poin-poin apa sih yang kita menginginkan dalam aplikasi itu supaya lebih kompleks gitu"
"00:04:41.470","00:04:49.470","1","karena kalau hanya sebatas pencarian data biasa saja itu kan tidak ini enggak enggak enggak apa enggak menariklah di matanya"
"00:04:49.470","00:04:57.470","1","apa untuk dilombakan se-Indonesial lah untuk unitnya kami ini masih dulu sebagai penonton"
"00:04:57.470","00:05:08.470","1","minta masih ada lagi yang kemarin kayak belum sesuai dengan perihal apa penilaian pelanggan kemudian sama monitoring kunjungan proyek itu belum tak ini"
"00:05:08.470","00:05:13.470","1","belum tak sundingkan ini nanti itu kan dua tadi lah merencananya kami but"
"00:05:13.470","00:05:20.470","1","mau empat empat empat pilihan dashboard lah selain melihat data pelanggan kemudian"
"00:05:20.470","00:05:31.470","1","yang saya bilang WA-11 kemudian ada juga nanti kayak misalnya saya lakukan kunjungan misalnya ke Jakarta ke Maluku Papua jadi tiap-tiap person itu"
"00:05:31.470","00:05:38.470","1","ada format untuk pengisian laporan kunjungannya jadi kunjungan dengan siapa membahas apa instansinya apa jadi kayak"
"00:05:38.470","00:05:49.470","1","semacam laporan monitoring kunjungan perusahaan jelah untuk dimonitor sama inta sebagai laporan kinerja juga jadi untuk mengetahui juga dari situ"
"00:05:49.470","00:06:02.470","1","person yang dikunjungi itu seperti apa ininya karakter-karakternya jadi itu terus yang terakhir paling ini nanti saya kirimkan juga format untuk saya menilai pelangganku seperti apa"
"00:06:02.470","00:06:25.470","1","jadi atas data-database pelanggan yang mungkin nanti saya sharekan ke kita itu mungkin dibuatkan juga satu lagi di dashboard di pilihan menu untuk kami buatkan kayak penilaian nanti saya kirimkan juga format seperti apa nanti mungkin itu yang kita masukkan ke dalam aplikasi atau website-nya itu terus pertambahan yang terakhir teman-teman itu kan kemarin dashboardnya sudah bagus"
"00:06:25.470","00:06:48.470","1","nanti kita mainnya cuman nanti katanya diminta dari teman-teman ditampilan dashboardnya itu ada semacam kayak apa reminder yang kalau misalnya kalau di Facebookan itu oh hari ini ulang tahunnya siapa besok hari raya apa jadi hari-hari kayak yang berkaitan dengan umum-umum lah begitu entah hari Natal ke hari Ano terus kayak yang tidak umum"
"00:06:48.470","00:07:13.470","1","misalnya kan kalau tanggal 23 Juli hari anak nasional hari misalnya kayak hari konstruksi Indonesia hari apa hari pelanggan nasional ya hal-hal yang mungkin ini ya bukan hari libur tapi hari-hari yang berkaitan yang tidak lazim tapi yang berkaitan dengan hubungan industri bisnis begitu itu mungkin sebagai pengantarnya Erham mana tahu dari masalah ada masukan loh tambahan mas"
"00:07:13.470","00:07:35.470","3","ya paling secara teknis mungkin nanti akan banyak diskusi ya Mas Sirham jadi kemarin kemarin ditunjukkan sama Mas Amir demo ya demo dari web yang sudah dibuat sama Mas Sirham dan tim itu sudah"
"00:07:35.470","00:08:01.470","3","sudah sangat menarik sih Mas dikira juga ada bayangan jadi mungkin konsepnya tadi dari mulai daftar pelanggan itu apa kalau main mappingnya mungkin gampang data umumnya adalah data dari perusahaan dulu baru ke kontak persen per orang gitu kan data perusahaan ini dimungkinkan ada beberapa orang yang ada di dalamnya kan jadi semua"
"00:08:01.470","00:08:23.470","3","ke persennya kita udah punya data kemudian mengerujuk pada si satu perusahaan ini atau mengerujuk pada si satu perusahaan ini kemudian nanti tadi yang fitur kedua adalah terkait monitoring proyek atau monitoring sasarannya kita jadi setiap kunjungan tadi kan kita ketemu"
"00:08:23.470","00:08:45.470","3","kemudian ke persen siapa nah itu juga bisa melihat kemarin kita coba-coba pakai buat web gratis mas lewat Google itu mas nanti bisa ditampilkan Mas Amir jadi sebenarnya fitur-fitur yang monitoring pelanggan kita coba buat kecilnya bantuan"
"00:08:45.470","00:09:07.470","3","dan AI mas kemarin kita coba pakai promnya lewat chat GPT kemudian build webnya lewat cloud ya cloud apa itu pakai cloud ternyata bisa nih karena konsep pakai konsep Google mungkin kalau itu bisa cepat di Mas Irham punya gambaran bahwa yang kita minta adalah konsepnya seperti itu itu kayaknya lebih cepat cuman"
"00:09:07.470","00:09:25.470","3","posisinya kan piki persennya kita belum bisa ngelink itu mas kita nggak bisa ngisi data daftar orang yang kita temuin itu dan perusahaannya masih secara manual di input-input manual kalau yang sudah kita coba build kemarin itu untuk fitur monitoring penyelanggan"
"00:09:25.470","00:09:44.470","3","kemudian selanjutnya kemudian selanjutnya tadi terkait hubungannya untuk menu penilaian pelanggan ini juga penilaian pelanggan ini biasanya kita kaitkan pada kontrak yang sedang berjalan dengan wika beton itu ada siapa saya ada perusahaan mana saja kemudian kita nilai"
"00:09:44.470","00:10:11.470","3","di penilaiannya lebih ke perusahaannya bukan key personnya gitu sama tadi fitur fitur apa mas chat chat blast ya cuma chat blast ini ya mungkin jadi opsi yang dikerjakan terakhir mungkin ya menurut saya sih ya maksudnya secara ini pun secara operasionalnya kita saat ini pun belum banyak melakukan chat blast ke pelanggannya kita baik terkait masalah update profil perusahaan"
"00:10:11.470","00:10:40.470","3","ataupun brosur pun kita belum pernah ngeblast atau ngebrosting ngebrost broadcasting ini gitu jadi mungkin fitur tiga fitur utama itu yang kita utama kita coba build di awal gitu biar nanti fitur chat ini bisa nyusul lah gitu mungkin mas Amir ya itu paling gambaran besarnya apakah nanti bisa sampai penilaian kepuasan pelanggan"
"00:10:40.470","00:11:02.470","3","tambahan pelanggan segala macem itu to be next next stage nya ya mungkin itu nanti mungkin main mapping nya menu-menu yang diminta untuk patit 4 fitur itu dulu aja gitu paling itu kalau mas mau tanya kalau tambahan mapping posisi kantor pelanggan itu possible nggak"
"00:11:02.470","00:11:24.470","3","maksudnya di sisi maps gitu ya ya di isi mes jadi lokasi kantornya kita submit di datanya dia nanti ada dashboard khusus mappingnya kita tuh yang di Sulawesi di Jakarta tuh pelanggan dimana aja bisa kemudian juga kan kalau misalnya mappingan projectnya juga mau dimapping juga atau gimana ya mas"
"00:11:24.470","00:11:44.470","3","mappingan project sebenarnya ini QCC nya Mas Amir tahun lalu Mas cuman kita coba lewat QGIS karena kita kan agak PR nih lewat pakai web kan kalau kita kan masukkan kita basicnya adalah bukan programmer segala macem dan produk inovasi yang dikeluarkan kan"
"00:11:44.470","00:11:55.470","3","di dari sisi operasional agak susah karena banyak berkaitan dengan sisi administrasi bukan operasional teknis gitu ya mungkin kalau di dari produksi selama cem banyak hal yang bisa diangkat nah di sisi kita ini"
"00:11:55.470","00:12:10.470","3","kebanyakan kebanyakan dari kemarin tuh kita angkatnya masalah administrasi dari manual ke digitalisasi ke mapping lebih ke situ gitu makanya QCard mungkin judul kemarin Mas Amir itu menang Mas sebetulnya untuk ide inovasi apa KII"
"00:12:10.470","00:12:24.470","3","apa mas KII itu Mas Kikar solusi jadi ide baru sebatas ide tuh Mas Amir sudah juara nih makanya harus dikembangkan ke QCC saat ini ya di eksekusi gitu kemarin udah masuk tiga besar sekarang harapannya dari"
"00:12:24.470","00:12:53.470","3","eh eh QCard itu QCard itu sebenarnya lebih ke profiling konsumennya kita itu kan customer nya kita jadi QCard atau QCard customer sebenarnya lebih disitu mungkin judulnya mungkin itu aja Mas ini tetap tetap QCard QCard customer center atau apa gitu jadi isinya cuma semua data pelanggannya kita ada semua disitu termasuk tadi titik lokasi mau titik project itu sangat lebih baik lagi gitu kan kita lebih"
"00:12:53.470","00:13:13.470","3","gila lagi berarti kan dari mungkin dasarnya dari monitoring monitoring pelakon monitoring proyek karena kita kalau dimonitoring proyek sudah menstep proyek apa dan dan lokasinya dimana gitu Mas sudah ada di itu mungkin nanti mas Amir bisa sharing coba sedikit yang monitoring proyek"
"00:13:13.470","00:13:35.470","3","oke yang ini mas yang kemarin kita yang di script itu udah bisa buka nggak bisa sih cuman data saya hanya mas yang yang ya nggak apa-apa tampilannya dulu aja tampilannya mas Amir jadi kemarin kita coba per akun pun dia tampilannya hanya tampilan usernya aja misalnya mas Amir data"
"00:13:35.470","00:14:03.470","3","nah kita coba kemarin kita coba kemarin coba build ini mas Irham ini screenshot sampean ya bukan langsung di browser di browser mas nah jadi ini tuh salah satu kertas kerja kita yang sebetulnya secara prosedur"
"00:14:03.470","00:14:22.470","3","itu jarang kita pakai sebetulnya pas ada audit aja baru kita pakai cuman data ini menjadi penting kenapa karena eh dah kit saya selaku teman-teman ini bisa monitoring juga apa saja yang sudah di di follow-up sama teman-teman gitu jadi konsepnya coba tambah project mas"
"00:14:22.470","00:14:49.470","3","ini ini ini nomor hanya nomor untuk daftarnya saja untuk data mereka lokasi nama prik dan lokasi ini menjadi menjadi menjadi tadi fitur yang bisa ditambahkan untuk titik lokasi project ini bisa dimasukkan sama Mas Irham ya Mas ya dia mungkin nyambungnya langsung ke Google Map atau kita masukkan titik lokasi nya disitu"
"00:14:49.470","00:15:06.630","3","produk-produk ini masih manual kita isi karena banyak sekali database produk kita makanya produk ini masih saya masih saya manualkan nilai onset sumber dana perung jawab dan prospek nah status di status coba Mas"
"00:15:06.630","00:15:21.630","3","nah prospek ini adalah posisi proyek yang masih kita sesarkan ya Mas ya masih belum kita dapatkan tapi statusnya itu bisa ada 4 kategori atau 5 kategori Mas coba lihat"
"00:15:21.630","00:15:36.630","3","di klik di klik di klik ada opsi apa aja Oh nggak muncul ya di tampilan ini saya nggak muncul pilihannya ya nggak muncul"
"00:15:36.630","00:15:48.630","3","ya jadi setiap status ini punya punya kelanjutan masing-masing ada nomor SPK kalau misalnya gagal gagalnya kenapa nih like pesaingnya kena berapa pesaingnya"
"00:15:48.630","00:15:58.630","3","yang siapa yang berhasil ya gitu-gitu lah nanti eh sedang prosedur coba yang sudah di input ini prospek dulu statusnya prospek"
"00:16:00.630","00:16:25.950","3","ya ini lomset di sembarang aja oke sempat ya Coba bawah itu ncdsp klik sambil jangan bukan"
"00:16:25.950","00:16:34.530","3","anak sih tapi yang klik klik klik klik langsung nah setelah ini muncul monitoring up kegiatan yang"
"00:16:34.530","00:16:44.070","3","teman-teman lakukan teman-teman sales lakukan jadi coba tambah monitoring menunya Hai tambah"
"00:16:44.070","00:16:52.170","3","monitoring ya kurang lebih seperti ini Mas oke baik di sampai sini gitu jadi ketika statusnya masih"
"00:16:52.170","00:16:57.270","3","prospek mereka tetap harus mengisi itu kegiatan apa-apa saja yang untuk memfollow up si project ini"
"00:16:57.270","00:17:03.810","3","tapi ketika statusnya berhasil ya sudah berhasil nilai omsetnya berapa SPK berapa segala macam orang"
"00:17:03.810","00:17:10.290","3","lebih itu nah nama pelanggan ini yang harapannya saya bisa connect sama daftar pelanggan itu karena"
"00:17:10.290","00:17:16.170","3","nama pelanggan bawahnya dan nama perusahaan jadi otomasi nantinya itu kontaknya pun bisa jadi otomatis"
"00:17:16.170","00:17:24.750","3","itu kan ketika si daftar data pelanggan itu menjadi database nya untuk keseluruhan itu betul in kurang lebih"
"00:17:24.750","00:17:31.890","3","itu masih ini yang ini yang coba kita angkat untuk opsi Kiai baru sebenarnya tapi fitur ini menjadi"
"00:17:31.890","00:17:46.570","2","masuk di webnya Mas Irham nanti baik baik Oke mungkin ke saya jelasin dari sisi teknisnya ya kalau Mas Fari kalau"
"00:17:46.570","00:17:57.810","2","kalau kamir ya terkait keresahannya tadi mengenai keamanan data itu sebenarnya kita bisa pakai beberapa service"
"00:17:57.810","00:18:03.030","2","dari third party yang terpercaya, misalnya kayak pakai Pelscale,"
"00:18:03.190","00:18:08.530","2","jadi kita koneksi ke aplikasinya itu via VPN, gitu."
"00:18:09.170","00:18:17.170","2","Jadi datanya itu kalau kita mau akses, kita konek dulu ke jaringan yang terpercaya tersebut,"
"00:18:17.770","00:18:21.190","2","jadi aplikasinya nggak bisa diakses oleh orang lain, gitu."
"00:18:21.190","00:18:27.030","2","Karena memang kebutuhan dari aplikasinya sendiri kan kebutuhan internal,"
"00:18:27.390","00:18:28.860","2","nggak perlu diakses ke publik, gitu ya."
"00:18:29.510","00:18:32.570","2","Tapi tetap masih bisa diakses oleh orang internal, gitu."
"00:18:32.730","00:18:35.340","2","Selalu jaringan yang terpercaya, gitu yang pertama."
"00:18:35.910","00:18:44.290","2","Kemudian terkait mappingan projek maupun mappingan perusahaan yang mau dikibuti,"
"00:18:44.430","00:18:45.230","2","itu sebenarnya bisa."
"00:18:45.750","00:18:46.930","2","Ada dua opsi sebenarnya."
"00:18:47.580","00:18:49.890","2","Opsi yang pertama itu kita pakai open source."
"00:18:49.890","00:18:55.330","2","Open source itu maksudnya gratis dan juga tidak ada lisensinya."
"00:18:56.250","00:18:58.310","2","Jadi kita bebas partingnya."
"00:18:58.670","00:19:04.530","2","Contohnya saya di Maxim, kalau Mas Wadi notice itu ketika kita pakai Maxim,"
"00:19:04.730","00:19:07.250","2","mereka pakai open street namanya untuk mapsnya."
"00:19:07.410","00:19:08.730","2","Nah, itu tampilan open street."
"00:19:09.730","00:19:12.630","2","Kurang familiar mungkin dan kurang nyaman dilihat,"
"00:19:12.630","00:19:17.530","2","tapi secara fungsionalitas gratis dipakai."
"00:19:17.630","00:19:18.490","2","Nggak ada biaya, gitu."
"00:19:19.730","00:19:25.410","2","Kemudian kalau mau yang familiar, berarti kita pakenya layanan kayak Google Maps."
"00:19:25.410","00:19:28.890","2","Nah, itu ada biaya per hit-nya."
"00:19:29.450","00:19:34.150","2","Tapi itu tergantung lagi sebenarnya dari jumlah penggunanya."
"00:19:34.290","00:19:46.990","2","Jadi kita bisa kasih cost, apa ya, kita bisa ramalkan berapa sih cost-nya kira-kira kalau user-nya segini yang pakai gitu."
"00:19:46.990","00:19:50.670","2","Kalau misalnya memang mau tampilannya pakai Google Maps."
"00:19:51.710","00:20:01.930","2","Nah, kemudian terkait monitoring pelanggan, kurang lebih saya nangkap gambaran besar kayak gimana."
"00:20:02.690","00:20:06.100","2","Terus juga sudah ada record."
"00:20:06.270","00:20:10.670","2","Nanti coba saya summarize based on record yang kita punya sekarang ini."
"00:20:10.670","00:20:20.630","2","Nanti terkait teknisnya mungkin saya kasih gambaran lagi view ya demo yang sempat dikasih kemarin gitu."
"00:20:22.070","00:20:27.690","2","Nah, terkait tile-seal sendiri itu sebenarnya itu kan jaringan yang terpercaya."
"00:20:27.840","00:20:31.410","2","Dan itu kalau setahu saya nggak open source."
"00:20:31.410","00:20:38.580","2","Jadi ya ada pricing-nya sendiri untuk masalah jaringan tersebut gitu."
"00:20:39.340","00:20:43.790","2","Ataupun nanti saya coba carikan solusinya lagi terkait yang open source-nya."
"00:20:44.470","00:20:48.310","2","Mungkin itu yang nanti saya sampaikan nanti."
"00:20:48.550","00:20:51.100","2","Sekalian pas kirim demonya lagi."
"00:20:51.790","00:20:54.510","2","Masalah aplikasi kemarin ya."
"00:20:54.510","00:21:01.250","2","Antara kita mau pakai web ataupun mau pakai mobile ya."
"00:21:01.750","00:21:08.690","2","Mobile app itu sebenarnya kalau yang saya dapatkan dari sisi teknisnya."
"00:21:09.340","00:21:12.210","2","Untuk sekarang mungkin cocoknya yang di web."
"00:21:12.790","00:21:13.600","2","Instead of mobile."
"00:21:14.930","00:21:19.600","2","Masalah URL itu yang ribet ya istilahnya."
"00:21:20.030","00:21:28.290","2","Untuk ketika kita mau akses aplikasinya itu bisa dimanipulasi di sisi aplikasinya web itu sendiri."
"00:21:28.290","00:21:32.410","2","Jadi di aplikasi app-nya sendiri itu nanti bisa kita install."
"00:21:32.550","00:21:33.690","2","Tapi satu kali aja gitu."
"00:21:34.510","00:21:35.910","2","Jadi masuk ke dalam browser."
"00:21:36.510","00:21:39.080","2","Terus nanti ada pilihan di pojok kanan atas."
"00:21:39.470","00:21:41.810","2","Untuk install app di home kita."
"00:21:41.950","00:21:43.130","2","Misalnya kalau kita pakai iOS."
"00:21:43.600","00:21:47.340","2","Ataupun nanti untuk versi Android-nya sendiri."
"00:21:48.990","00:21:51.990","2","Kebetulan itu bisa di otomatisasi."
"00:21:51.990","00:21:54.350","2","Dengan klik button untuk install."
"00:21:54.490","00:21:59.910","2","Karena protokolnya untuk iOS dengan protokolnya untuk Android itu beda."
"00:22:00.530","00:22:01.830","2","Di iOS lebih strict gitu."
"00:22:01.950","00:22:05.430","2","Jadi perlu aksi tambahan dari usernya."
"00:22:05.850","00:22:10.330","2","Untuk preteli dikit bagian untuk install aplikasinya."
"00:22:10.490","00:22:12.270","2","Sedangkan kalau yang di Android."
"00:22:12.730","00:22:15.350","2","Kebetulan kan di develop sama Google juga."
"00:22:15.830","00:22:17.350","2","Jadi ketika kita pakai Google Chrome."
"00:22:18.650","00:22:21.030","2","Kita bisa langsung klik aja tombol."
"00:22:21.530","00:22:22.730","2","Kalau tersedia gitu."
"00:22:24.030","00:22:25.710","2","Mungkin itu sisi dari sisi teknisnya."
"00:22:26.410","00:22:28.250","3","Ya paling otosinya tadi kayak gitu sih."
"00:22:28.570","00:22:31.630","3","Kalau itu kayak aplikasi internalnya kita pun sama mas."
"00:22:31.690","00:22:36.130","3","Jadi kita punya aplikasi data internal itu kayak walk-in itu mas."
"00:22:36.370","00:22:37.170","3","Mas Amir."
"00:22:37.170","00:22:40.330","3","Itu juga tadi yang disjelaskan sama mas Irham."
"00:22:40.490","00:22:42.370","3","Betul jadi cuma buka browser."
"00:22:42.490","00:22:44.130","3","Kan kalau kita update juga cuma buka browser."
"00:22:44.530","00:22:46.690","3","Terus pilih salah satu kan mau Android mau iOS."
"00:22:47.330","00:22:48.690","3","Nanti mulai download otomatis."
"00:22:49.030","00:22:50.290","3","Dan itu yang di iOS pun."
"00:22:51.230","00:22:53.490","3","Ngerubah izin allow apa ya."
"00:22:53.550","00:22:55.150","3","Saya lupa itu autentifikasinya."
"00:22:55.330","00:22:58.630","3","Untuk mengizinkan aplikasi ini untuk terinstall di HP-nya kita."
"00:22:58.790","00:23:00.070","3","Kalau kurang lebih begitu mas Irham."
"00:23:00.270","00:23:03.750","3","Paling tadi untuk memastikan terkait keamanan data itu."
"00:23:03.750","00:23:09.010","3","Sebetulnya sejauh mana aplikasi."
"00:23:09.290","00:23:10.850","3","Atau karena kita kan berkontraknya."
"00:23:10.990","00:23:12.290","3","Mungkin nanti dengan mas Irham."
"00:23:12.430","00:23:14.670","3","Yang support kita dari sisi programmer."
"00:23:15.170","00:23:17.090","3","Pasti kan mas Irham pun nyimpen di server."
"00:23:17.890","00:23:20.950","3","Web ini kan akan disimpan di server tertentu."
"00:23:21.350","00:23:25.450","3","Mungkin itu yang saya juga nggak begitu paham ya mas Irham."
"00:23:25.570","00:23:28.050","3","Apakah bentuk server yang aman itu."
"00:23:28.690","00:23:29.770","3","Poin-poinnya apa saja."
"00:23:29.870","00:23:31.570","3","Mungkin itu juga bisa disampaikan ke kita."
"00:23:31.730","00:23:34.230","3","Jadi pada saat nanti katakanlah ini berjalan."
"00:23:34.790","00:23:36.110","3","Sudah disetujui berjalan."
"00:23:37.010","00:23:39.530","3","Kemudian jadi dititipkan di server itu kan."
"00:23:39.950","00:23:43.650","3","Kita pada saat pemaparan ke perusahaan."
"00:23:44.750","00:23:46.590","3","Meyakinkan bahwa ini secure."
"00:23:47.690","00:23:49.970","3","Sesuai dengan kontrolnya kita gitu kan."
"00:23:49.970","00:23:52.530","3","Mereka menjaga database-nya kita."
"00:23:53.470","00:23:55.810","3","Karena akan banyak database masukkan."
"00:23:56.210","00:23:59.150","3","Karena data internalnya semua di kita."
"00:24:00.210","00:24:01.290","3","Paling itu."
"00:24:03.030","00:24:05.450","3","Itu ya sejauh ini sih."
"00:24:06.050","00:24:08.390","3","Sebenarnya fiturnya pengennya banyak."
"00:24:08.550","00:24:10.130","3","Cuman lihat dari sisi waktu."
"00:24:10.390","00:24:13.970","3","Rasanya kita coba difilterkan saja."
"00:24:14.170","00:24:16.010","3","Jadi tadi 4 itu dulu."
"00:24:16.210","00:24:18.310","3","Mungkin yang pertama tadi daftar pelanggan."
"00:24:18.450","00:24:21.490","3","Kedua terkait monitoring proyek."
"00:24:22.150","00:24:23.170","3","Atau sasarannya kita."
"00:24:23.530","00:24:25.030","3","Kemudian ketikanya."
"00:24:26.210","00:24:28.610","3","Terkait penilaian pelanggan."
"00:24:28.770","00:24:32.630","3","Mungkin penilaian pelanggan ini atas pelanggan yang sudah berkontrak."
"00:24:32.790","00:24:33.410","3","Yang masih rah."
"00:24:33.490","00:24:35.670","3","Mungkin nanti case-nya kita ini."
"00:24:35.670","00:24:39.670","3","Apakah harus mendaftarkan proyek-proyek yang sudah diperoleh."
"00:24:40.730","00:24:41.670","3","Atau gimana ini masih."
"00:24:42.530","00:24:43.450","3","Ya coba dulu deh."
"00:24:43.810","00:24:47.350","3","Itu dulu sama fitur broadcast tadi."
"00:24:47.970","00:24:50.070","3","Harapannya nanti ada fitur-fitur lain yang bisa."
"00:24:50.630","00:24:53.310","3","Satu dashboard ini yang untuk kita gitu."
"00:24:54.110","00:24:54.630","3","Gitu sih Mas."
"00:24:54.750","00:24:54.930","3","Oh iya."
"00:24:55.050","00:24:56.190","3","Nampas kalau ngebut."
"00:24:57.450","00:24:58.130","2","Sorry."
"00:24:58.510","00:25:02.050","2","Tadi paling tambahan terkait teknis juga ya."
"00:25:02.710","00:25:03.770","2","Terkait web."
"00:25:05.730","00:25:06.210","2","WhatsApp."
"00:25:06.750","00:25:07.530","2","Bisnis itu."
"00:25:08.070","00:25:08.910","2","Ada pricing juga sendiri."
"00:25:09.050","00:25:10.510","2","Mungkin nanti saya nge-ven ya."
"00:25:11.170","00:25:12.010","2","Lampirkan juga."
"00:25:12.450","00:25:13.170","2","Pricingnya gimana."
"00:25:13.290","00:25:14.110","2","Kalau di WhatsApp web."
"00:25:14.230","00:25:15.430","2","Dari mulai pendaftarannya itu."
"00:25:15.970","00:25:16.810","2","Ada pricingnya sendiri."
"00:25:16.970","00:25:17.910","2","Dari meta Google."
"00:25:18.630","00:25:19.150","2","Meta Facebook."
"00:25:19.930","00:25:21.690","2","Karena mereka yang provider-nya kan."
"00:25:22.390","00:25:22.830","2","Nama."
"00:25:24.830","00:25:26.910","2","Gaya per message-nya gimana gitu."
"00:25:28.190","00:25:28.790","3","Ya."
"00:25:29.030","00:25:29.250","3","Boleh."
"00:25:29.390","00:25:30.850","3","Nanti disampaikannya pasti sih."
"00:25:31.390","00:25:33.610","3","Karena ada aplikasi juga yang kita sekarang berjalan."
"00:25:33.690","00:25:34.750","3","Untuk absensi."
"00:25:35.750","00:25:38.010","3","Pegawai kontraknya."
"00:25:38.010","00:25:40.370","3","Kita kan gak bisa pakai aplikasi perusahaan tadi."
"00:25:40.450","00:25:41.670","3","Malah yang saya jelaskan."
"00:25:42.230","00:25:42.950","3","Di awal."
"00:25:43.050","00:25:44.110","3","Bahwa kita punya."
"00:25:44.490","00:25:44.930","3","Apa namanya."
"00:25:44.990","00:25:45.610","3","Aplikasi internal."
"00:25:45.750","00:25:46.270","3","Mereka pun."
"00:25:46.470","00:25:48.070","3","Di khusus di Makassar."
"00:25:48.570","00:25:50.450","3","Kita buatkan web."
"00:25:50.570","00:25:51.850","3","Untuk absensi."
"00:25:51.930","00:25:53.250","3","Dan data lemburnya gitu."
"00:25:53.390","00:25:53.930","3","Dan itu juga."
"00:25:54.930","00:25:56.630","3","Bulannya tetap ada biaya."
"00:25:56.730","00:25:58.390","3","Karena kan kita simpanin server kan."
"00:25:59.770","00:26:01.230","3","Datanya disimpan di server."
"00:26:01.490","00:26:01.630","3","Itu."
"00:26:02.290","00:26:02.610","3","Dan."
"00:26:03.030","00:26:03.170","3","Ya."
"00:26:03.230","00:26:03.530","3","Opsinya."
"00:26:04.030","00:26:04.630","3","Menarik sih tadi."
"00:26:04.810","00:26:05.770","3","Kalau misalnya bisa aplikasi."
"00:26:05.890","00:26:06.130","3","Alhamdulillah."
"00:26:06.250","00:26:08.170","3","Tapi kalau tidak keburu dari sisi waktu."
"00:26:10.390","00:26:11.710","3","Ya mungkin tampilan."
"00:26:12.850","00:26:14.130","3","Mobile view nya."
"00:26:14.270","00:26:14.470","3","Bisa."
"00:26:15.190","00:26:15.670","3","Lebih."
"00:26:16.070","00:26:16.690","3","Aman gitu ya."
"00:26:16.730","00:26:17.430","3","Dari sisi buat."
"00:26:17.670","00:26:18.530","3","Tampilan di HP nya."
"00:26:19.070","00:26:19.490","3","Tapi ternyata."
"00:26:19.710","00:26:20.110","3","Kalau misalnya."
"00:26:20.890","00:26:21.790","3","Kita lolos."
"00:26:21.890","00:26:22.610","3","Dan tahun depan."
"00:26:22.750","00:26:23.090","3","Bisa ter."
"00:26:24.090","00:26:25.230","3","Bisa kita tampilkan."
"00:26:25.310","00:26:25.570","3","Pasti."
"00:26:25.730","00:26:27.190","3","Ngejiannya kita ke aplikasi mas."
"00:26:27.750","00:26:27.990","3","Mas."
"00:26:27.990","00:26:28.170","3","Mas."
"00:26:28.170","00:26:28.290","3","Mas."
"00:26:28.290","00:26:28.350","3","Mas."
"00:26:28.350","00:26:31.370","3","Di tahap pertama sih."
"00:26:31.470","00:26:31.890","3","Mungkin sekarang."
"00:26:32.310","00:26:33.730","3","Ya demo nya itu dulu."
"00:26:33.830","00:26:34.450","3","Yang bisa kita."
"00:26:36.250","00:26:37.090","3","Apa namanya."
"00:26:37.470","00:26:37.810","3","Garap."
"00:26:39.130","00:26:40.810","3","Paling itu stage nya mungkin bener."
"00:26:41.090","00:26:41.670","3","Stage nya."
"00:26:42.170","00:26:42.970","3","Ya paling ke situ dulu."
"00:26:43.190","00:26:43.650","3","Demo."
"00:26:44.370","00:26:45.230","3","Demo dulu ya."
"00:26:45.350","00:26:46.110","3","Mungkin mas Amir ya."
"00:26:47.010","00:26:47.230","4","Ya."
"00:26:48.190","00:26:50.230","3","Karena kalau udah pra konvensi nya kita lolos."
"00:26:50.350","00:26:51.510","3","Baru kita ngebuild ini."
"00:26:51.710","00:26:53.170","3","Mungkin ke desisi mas Irham pun."
"00:26:54.650","00:26:55.890","3","Bahwa posisinya."
"00:26:55.890","00:26:57.810","3","Kita ngebuild stage nya."
"00:26:59.070","00:26:59.930","3","Ya pengen nya sebenernya."
"00:27:00.190","00:27:00.930","3","Akan terpakai."
"00:27:01.730","00:27:02.690","3","Nantinya gitu kan."
"00:27:02.790","00:27:03.330","3","Tapi kan nanti."
"00:27:03.590","00:27:04.370","3","Kalau ke manajemen."
"00:27:04.490","00:27:05.050","3","Kita sampaikan."
"00:27:05.530","00:27:06.670","3","Mungkin biaya per stage nya dulu."
"00:27:06.790","00:27:07.710","3","Apakah langsung di build."
"00:27:07.850","00:27:08.190","3","Apakah."
"00:27:08.510","00:27:09.290","3","Nanti mas Irham."
"00:27:09.530","00:27:10.350","3","Demo dulu kita."
"00:27:10.970","00:27:11.770","3","Proposalkan dulu."
"00:27:12.050","00:27:13.450","3","Nanti kita udah lolos."
"00:27:13.870","00:27:14.870","3","Baru kita dibuat."
"00:27:15.030","00:27:16.830","3","Secara keseluruhan oleh mas Irham."
"00:27:16.950","00:27:17.270","3","Itu untuk."
"00:27:17.690","00:27:18.390","3","Persiapannya kita."
"00:27:18.490","00:27:19.330","3","Dan bisa dipakai."
"00:27:19.730","00:27:20.190","3","Selanjutnya."
"00:27:20.330","00:27:20.470","3","Mungkin."
"00:27:21.050","00:27:22.250","3","State nya begitu ya mas Irham ya."
"00:27:22.670","00:27:22.910","3","Jadi."
"00:27:22.910","00:27:24.350","3","Jadi biaya nya pun bisa."
"00:27:24.670","00:27:25.230","3","Bisa lebih."
"00:27:26.610","00:27:27.090","3","Ada."
"00:27:27.270","00:27:27.410","3","Ada."
"00:27:27.610","00:27:28.530","3","Lihat progres nya."
"00:27:28.670","00:27:29.590","3","Dari sisi kita juga sih."
"00:27:30.150","00:27:30.610","3","Kalau menang."
"00:27:30.690","00:27:31.350","3","Ya alhamdulillah kan."
"00:27:31.390","00:27:32.070","3","Rezeki bersama."
"00:27:32.230","00:27:32.850","3","Itu ya mas Irham ya."
"00:27:33.250","00:27:34.070","3","Prestasi buat."
"00:27:34.530","00:27:35.090","3","Teman-teman."
"00:27:35.510","00:27:35.950","3","Di sini."
"00:27:36.470","00:27:39.010","3","Kemudian kerjasamanya juga berlanjut terus sama mas Irham."
"00:27:39.190","00:27:39.390","3","Gitu kan."
"00:27:39.930","00:27:40.250","3","Gitu."
"00:27:47.250","00:27:49.490","1","Mas Irham ya masukannya."
"00:27:49.670","00:27:50.850","1","Saja mungkin poin-poinnya."
"00:27:51.030","00:27:51.430","1","Nanti."
"00:27:52.430","00:27:53.430","1","Kalaupun memang."
"00:27:54.010","00:27:56.530","1","Ada data-data yang kita perlukan dari saya."
"00:27:56.710","00:27:56.910","1","Nanti."
"00:27:57.610","00:27:58.270","1","Cerakan saja."
"00:27:58.630","00:27:59.830","1","Kita coba penuh itu."
"00:28:00.230","00:28:00.890","1","Supaya bisa."
"00:28:01.310","00:28:02.910","1","Minimal ada demo lah dulu lah."
"00:28:03.150","00:28:04.230","1","Untuk yang dibilang."
"00:28:04.910","00:28:05.230","1","Masa."
"00:28:05.370","00:28:06.410","1","Tapi untuk ininya."
"00:28:06.850","00:28:07.370","3","Kemarin sih."
"00:28:07.590","00:28:08.790","3","Contoh yang daftar pelanggan sih."
"00:28:09.030","00:28:09.810","3","Saya setuju sih."
"00:28:09.870","00:28:10.650","3","Jadi mas Irham."
"00:28:11.030","00:28:11.710","3","Mengkonsepkan."
"00:28:12.170","00:28:13.030","3","General dulu dari."
"00:28:13.230","00:28:14.530","3","Data perusahaan."
"00:28:14.750","00:28:16.250","3","Pas kita ngeklik perusahaan itu."
"00:28:16.790","00:28:17.410","3","Baru muncul tuh."
"00:28:17.530","00:28:18.790","3","Key person-key person-nya kan."
"00:28:19.050","00:28:20.330","3","Nah key person kita klik."
"00:28:20.770","00:28:21.970","3","Baru muncul profilnya."
"00:28:22.530","00:28:23.490","3","Kejadiannya gitu kan."
"00:28:24.590","00:28:25.250","3","Nah harapannya."
"00:28:25.350","00:28:26.870","3","Apakah bisa dilingkan nanti historisnya."
"00:28:26.950","00:28:28.330","3","Misalnya dengan key person si A."
"00:28:28.730","00:28:30.870","3","Karena kita sudah isi di monitoring pelanggan."
"00:28:32.750","00:28:34.510","3","Atas proyek tertentu."
"00:28:34.590","00:28:35.310","3","Atau beberapa proyek."
"00:28:35.410","00:28:37.330","3","Ternyata key person-nya tetap satu gitu kan."
"00:28:37.510","00:28:39.130","3","Pada saat kita ngeklik key person ini."
"00:28:39.250","00:28:39.590","3","Ternyata dia."
"00:28:39.990","00:28:40.970","3","Ada nyambung ke."
"00:28:41.490","00:28:42.110","3","Tiga proyek."
"00:28:42.210","00:28:42.890","3","Atau lima proyek."
"00:28:42.990","00:28:44.230","3","Ternyata yang kita lagi follow up."
"00:28:44.750","00:28:45.290","3","Misal begitu."
"00:28:45.470","00:28:46.950","3","Apa mungkin possible."
"00:28:47.110","00:28:47.810","3","Apa tidak ya."
"00:28:48.830","00:28:49.570","3","Secara teknis."
"00:28:49.750","00:28:50.990","3","Programnya masih irham ini kan."
"00:28:51.710","00:28:51.850","","Iya."
"00:28:52.930","00:28:54.450","2","Kalau terkait."
"00:28:54.670","00:28:55.750","2","Existing data."
"00:28:56.430","00:28:58.050","2","Kebetulan kalau yang saya lihat."
"00:28:58.250","00:29:00.130","2","Itu masih unstructured ya."
"00:29:00.590","00:29:00.750","2","Ya."
"00:29:00.750","00:29:01.170","2","Merti."
"00:29:01.350","00:29:02.490","2","Belum ada relasi."
"00:29:03.030","00:29:04.370","2","Antara satu data."
"00:29:04.470","00:29:05.130","2","Dan data lainnya."
"00:29:05.250","00:29:05.410","2","Jadi."
"00:29:05.590","00:29:05.730","2","Ya."
"00:29:06.210","00:29:07.490","2","Redudasi data di situ."
"00:29:08.090","00:29:08.310","2","Nah."
"00:29:08.430","00:29:08.710","2","Mungkin."
"00:29:09.010","00:29:10.650","2","Butuh waktu untuk."
"00:29:11.130","00:29:11.610","2","Lihat dulu."
"00:29:12.330","00:29:14.050","2","Hasil dari Excel-nya."
"00:29:14.170","00:29:14.590","2","Kayak gimana."
"00:29:14.750","00:29:15.210","2","Apakah."
"00:29:15.870","00:29:16.610","2","Misalnya kayak."
"00:29:16.830","00:29:17.490","2","Ada nama nih."
"00:29:17.990","00:29:18.450","2","Namanya kan."
"00:29:18.830","00:29:19.010","2","Ada."
"00:29:19.750","00:29:20.170","2","Namanya."
"00:29:20.410","00:29:20.930","2","Nama lengkap."
"00:29:21.070","00:29:22.390","2","Ada nama tanggilan gitu kan."
"00:29:22.730","00:29:22.950","2","Itu."
"00:29:23.950","00:29:24.390","2","Mau."
"00:29:25.150","00:29:26.170","2","Resolusinya kayak gimana."
"00:29:26.330","00:29:26.710","2","Apakah."
"00:29:27.110","00:29:28.550","2","Jadi person yang berbeda."
"00:29:28.970","00:29:29.690","2","Atau."
"00:29:30.010","00:29:31.050","2","Gimana gitu."
"00:29:31.750","00:29:32.450","2","Mungkin itu perlu."
"00:29:32.590","00:29:33.870","2","Dicetatkan juga mas Faru."
"00:29:34.550","00:29:35.430","3","Siap-siap."
"00:29:35.610","00:29:35.790","3","Boleh."
"00:29:36.390","00:29:36.750","3","Ya itu."
"00:29:36.890","00:29:38.070","3","Makanya kekuatan data."
"00:29:38.370","00:29:39.470","3","Di awal data induk."
"00:29:39.550","00:29:40.310","3","Atas data."
"00:29:41.070","00:29:42.170","3","Nama pelangguan itu."
"00:29:42.330","00:29:42.790","3","Menjadi."
"00:29:43.730","00:29:44.310","3","Poin penting."
"00:29:44.430","00:29:45.450","3","Mungkin ya kita minta."
"00:29:45.910","00:29:46.590","3","Langsung di situ."
"00:29:46.670","00:29:47.290","3","Jangan nama aja."
"00:29:47.390","00:29:48.230","3","Tapi nama lengkap."
"00:29:48.390","00:29:48.630","3","Gitu kan."
"00:29:48.730","00:29:48.890","3","Mungkin."
"00:29:49.430","00:29:50.670","3","Jadi patokannya di situ."
"00:29:50.830","00:29:52.070","3","Jangan dikasih nama panggilan."
"00:29:52.210","00:29:53.010","3","Tapi nama lengkap."
"00:29:53.290","00:29:53.670","3","Gitu nanti."
"00:29:53.990","00:29:56.050","3","Jadi pas data monitoring proyek."
"00:29:56.650","00:29:57.490","3","Kita ngelingkan."
"00:29:58.210","00:29:58.950","3","Dari database."
"00:29:58.970","00:29:59.930","3","Database-nya data pelangguan itu."
"00:30:00.010","00:30:01.010","3","Udah nyambung semua."
"00:30:01.210","00:30:01.250","3","Gitu."
"00:30:01.790","00:30:03.250","3","Jadi saling terkaitan."
"00:30:03.330","00:30:04.430","3","Ketika kita buka nama."
"00:30:04.870","00:30:05.950","3","Database proyek apa saja."
"00:30:06.070","00:30:06.550","3","Juga kebuka."
"00:30:06.710","00:30:06.910","3","Gitu kan."
"00:30:07.010","00:30:07.110","3","Jadi."
"00:30:07.810","00:30:08.590","3","Kayaknya menarik gitu."
"00:30:11.210","00:30:11.770","2","Oke."
"00:30:11.990","00:30:12.930","2","Saya nangkep."
"00:30:13.930","00:30:14.250","2","Tadi."
"00:30:15.190","00:30:16.150","2","Semua yang."
"00:30:16.450","00:30:17.250","2","Sudah disampaikan ya."
"00:30:18.050","00:30:18.410","3","Siap."
"00:30:19.550","00:30:20.690","1","Intinya kayak ini."
"00:30:20.890","00:30:21.250","1","Kayak misalnya."
"00:30:21.330","00:30:21.990","1","List pencarian."
"00:30:22.110","00:30:22.750","1","Kita misalkan."
"00:30:23.370","00:30:23.610","1","Share."
"00:30:24.190","00:30:24.410","1","Apa."
"00:30:24.590","00:30:25.110","1","Searching."
"00:30:25.430","00:30:26.410","1","Misalnya atas nama Amir."
"00:30:26.410","00:30:28.210","1","Jadi kita beberapa."
"00:30:28.970","00:30:30.230","1","Jadi semua yang ditampilkan."
"00:30:30.430","00:30:31.010","1","Atas keyword."
"00:30:31.350","00:30:31.990","1","Atas nama Amir."
"00:30:32.090","00:30:33.510","1","Itu misalnya nama proyeknya apa."
"00:30:34.010","00:30:34.750","1","Pelanggan apa."
"00:30:34.850","00:30:35.550","1","Perusahaan apa."
"00:30:35.710","00:30:36.830","1","Proyek-proyek yang terlibat."
"00:30:36.950","00:30:37.070","1","Jadi."
"00:30:37.350","00:30:37.990","1","Ada semua."
"00:30:38.070","00:30:38.490","1","Kayak disitu."
"00:30:38.590","00:30:38.850","1","Ininya."
"00:30:39.310","00:30:39.550","1","Apa."
"00:30:39.670","00:30:40.430","1","Searching-searchingnya."
"00:30:40.510","00:30:41.430","1","Jadi kalau misalnya kayak."
"00:30:41.690","00:30:42.010","1","Apa di."
"00:30:42.110","00:30:42.430","1","Untuk."
"00:30:42.430","00:30:42.890","1","Google."
"00:30:42.890","00:30:44.830","1","Ada opsi-opsi yang nak kasih."
"00:30:44.970","00:30:45.630","1","Dilihat disitu."
"00:30:45.790","00:30:46.670","1","Yang berkaitan dengan."
"00:30:47.110","00:30:48.310","1","Keywords yang kita cari."
"00:30:48.710","00:30:49.510","1","Ini sih kemarin juga."
"00:30:49.650","00:30:50.590","1","Teman-teman bilang."
"00:30:51.030","00:30:52.590","1","Manatob bisa dibuatkan seperti itu."
"00:30:52.670","00:30:52.970","1","Karena kan."
"00:30:53.150","00:30:54.350","1","Akan jadi lebih luas kini."
"00:30:54.630","00:30:55.390","1","Ketika misalnya."
"00:30:56.130","00:30:56.830","1","Empat poin itu."
"00:30:56.970","00:30:57.770","1","Kita masukkan semua."
"00:30:57.910","00:30:58.150","1","Jadi."
"00:30:58.550","00:31:00.030","1","Itu sih untuk lebih mempermudah."
"00:31:00.170","00:31:00.210","1","Ki."
"00:31:00.650","00:31:02.530","1","Dengan satu kalimat."
"00:31:02.530","00:31:03.450","1","Saja kita cari."
"00:31:03.570","00:31:04.270","1","Itu muncul semua."
"00:31:04.410","00:31:05.670","1","Apa-apa opsi yang kita bisa."
"00:31:05.810","00:31:06.670","1","Bisa seperti itu mungkin."
"00:31:06.810","00:31:06.830","1","Di."
"00:31:07.170","00:31:07.590","1","Ya."
"00:31:07.710","00:31:07.970","2","Bisa."
"00:31:08.510","00:31:10.730","2","Mungkin kalau terkait demo."
"00:31:10.830","00:31:12.010","2","Yang sempat saya buat kan."
"00:31:12.630","00:31:14.270","2","Best request-nya."
"00:31:14.530","00:31:15.430","2","Kak Amir kemarin itu."
"00:31:16.770","00:31:17.490","2","Ada."
"00:31:18.650","00:31:20.150","2","Entity-nya perseorangan."
"00:31:20.430","00:31:20.550","2","Sama."
"00:31:22.130","00:31:23.850","2","Perusahaan."
"00:31:24.090","00:31:25.470","2","Tapi kalau dari."
"00:31:26.190","00:31:26.950","2","Mas Fari tadi."
"00:31:27.270","00:31:28.570","2","Sempat mention bahwa."
"00:31:29.110","00:31:31.390","2","Nanti list-nya based on perusahaan dulu."
"00:31:31.790","00:31:33.190","2","Baru ke user."
"00:31:33.610","00:31:34.930","2","Atau key person-nya gitu ya."
"00:31:37.150","00:31:37.470","2","Kemudian."
"00:31:37.470","00:31:37.510","2","Kemudian."
"00:31:37.510","00:31:38.310","2","Kemudian."
"00:31:38.510","00:31:39.790","3","Yang masuk di mas Amir itu."
"00:31:39.930","00:31:40.610","3","Pada saat kita."
"00:31:40.870","00:31:41.270","3","Nge-search."
"00:31:41.450","00:31:42.230","3","Atau ngefilter."
"00:31:42.770","00:31:43.270","3","Yang kita."
"00:31:43.870","00:31:44.270","3","Mau."
"00:31:44.450","00:31:44.570","3","Jadi."
"00:31:47.430","00:31:47.910","3","Menu."
"00:31:48.250","00:31:48.930","3","Menu di."
"00:31:49.170","00:31:50.430","3","Pada saat kita nge-klik."
"00:31:50.610","00:31:51.090","3","Kemarin."
"00:31:51.150","00:31:51.930","3","Data pelanggan kan."
"00:31:52.010","00:31:52.610","3","Sebenarnya yang muncul."
"00:31:52.850","00:31:53.770","3","Sudah langsung data."
"00:31:54.650","00:31:55.170","3","Daftar."
"00:31:56.070","00:31:57.490","3","Daftar nama perusahaan."
"00:31:58.230","00:31:58.630","3","Kemudian."
"00:31:58.730","00:31:59.450","3","Sebenarnya di dalamnya kan."
"00:31:59.530","00:32:00.730","3","Sudah ada key person-nya ya mas."
"00:32:00.810","00:32:00.910","3","Ya."
"00:32:01.110","00:32:01.810","3","Mas Hirham ya."
"00:32:02.390","00:32:03.790","3","Tapi kan di daftar itu."
"00:32:03.870","00:32:04.330","3","Seingetku nggak."
"00:32:04.670","00:32:04.970","3","Saya lupa."
"00:32:05.150","00:32:05.770","3","Muncul nggak ya mas."
"00:32:05.850","00:32:07.110","3","Nama key person-nya tuh."
"00:32:07.510","00:32:10.130","3","Yang nama perusahaan sama data perusahaan aja ke kanannya itu."
"00:32:10.850","00:32:11.610","3","Barisnya itu."
"00:32:12.410","00:32:12.610","3","Nah."
"00:32:12.990","00:32:14.950","3","Di search engine yang di atas itu kan."
"00:32:16.630","00:32:19.790","3","Kayaknya kalau kita searching nama itu kan nggak bisa."
"00:32:20.970","00:32:21.170","","Ya."
"00:32:21.510","00:32:23.330","3","Hanya bisa nama perusahaan langsung kan."
"00:32:24.770","00:32:25.870","3","Nah maksudnya tadi mas Amir."
"00:32:26.170","00:32:26.550","3","Apakah."
"00:32:27.330","00:32:28.350","3","Di tampilan itu."
"00:32:28.670","00:32:28.830","3","Kan."
"00:32:29.230","00:32:29.590","3","Yang tadi."
"00:32:29.750","00:32:32.250","3","Yang demonya mas Hirham itu munculnya langsung nama perusahaan."
"00:32:32.630","00:32:33.530","3","Nah dikasih opsi juga."
"00:32:33.530","00:32:36.470","3","Di saat dipilih satunya adalah nama key person."
"00:32:37.910","00:32:38.030","3","Oke."
"00:32:38.130","00:32:41.010","3","Nah jadi nanti pada saat ngeklik menu."
"00:32:41.250","00:32:41.550","3","Menu."
"00:32:41.750","00:32:42.650","3","Sub menu lagi ya berarti."
"00:32:42.870","00:32:43.090","3","Menu."
"00:32:43.170","00:32:43.570","3","Sub menu."
"00:32:43.670","00:32:44.510","3","Sub menu-nya lagi."
"00:32:44.990","00:32:45.770","3","Ada nama perusahaan."
"00:32:45.970","00:32:46.850","3","Ada key person."
"00:32:46.930","00:32:51.350","3","Pada key person kita searching engine-nya adalah nyari nama itu bisa muncul juga."
"00:32:51.610","00:32:55.310","3","Mungkin main map-nya saya ke situ bisa dibalik gitu."
"00:32:56.310","00:33:03.550","3","Tapi pengkategoriannya tetap tadi formatnya adalah data perusahaan dulu."
"00:33:03.990","00:33:06.590","3","Si key person ini tuh nyangkut ke perusahaan mana gitu kan."
"00:33:07.610","00:33:07.870","","Baik."
"00:33:08.530","00:33:09.490","3","Misal PT Wika."
"00:33:09.870","00:33:10.710","3","Ada mas Amir."
"00:33:10.810","00:33:11.490","3","Ada mas Riyadi."
"00:33:11.610","00:33:12.090","3","Ada mas Agung."
"00:33:12.170","00:33:12.570","3","Ada mas Sul."
"00:33:13.770","00:33:21.590","3","Itu data-data pada saat kita nge-inputnya itu ada bisa nge-akar atau ngindu ke si satu perusahaan."
"00:33:22.050","00:33:25.090","3","Tapi tampilan daftarnya bisa milih bisa menu perusahaan."
"00:33:25.090","00:33:26.110","3","bisa menu key person."
"00:33:26.230","00:33:30.110","3","Pada saat kita milih menu key person kita bisa search nama juga gitu."
"00:33:32.170","00:33:33.410","3","Mungkin gitu Mas Hiram."
"00:33:34.250","00:33:34.850","2","Baik."
"00:33:35.950","00:33:37.370","2","Kalau dari saya aman sih."
"00:33:39.310","00:33:44.830","2","Mungkin nanti kalau ada tambahan lagi bisa langsung ke Amir ya."
"00:33:45.150","00:33:47.770","2","Atau mungkin nanti ke Amir bisa hubungi kita."
"00:33:48.450","00:33:48.710","3","Siap."
"00:33:48.830","00:33:49.270","3","Mas Hiram."
"00:33:49.850","00:33:50.150","","Oke."
"00:33:51.070","00:33:52.330","3","Mas Hiram berapa orang timnya?"
"00:33:52.330","00:33:53.150","3","Sendiri atau?"
"00:33:54.030","00:33:58.050","2","Aku ada juga untuk DevOps."
"00:33:58.050","00:34:03.230","2","DevOps itu untuk deployment aplikasinya ke jaringan."
"00:34:03.730","00:34:06.410","2","Terus ada juga untuk frontend."
"00:34:06.490","00:34:09.710","2","Frontend itu untuk bagian tampilan sama logic."
"00:34:10.050","00:34:11.630","2","Database-nya aku sendiri."
"00:34:12.330","00:34:16.650","3","Kalau tampilan sih ya nanti ada demo dulu lah ya."
"00:34:17.010","00:34:19.750","3","Cuma kemarin kan backgroundnya full black gitu ya."
"00:34:21.350","00:34:23.530","2","Kalau misalnya ada request juga."
"00:34:24.150","00:34:26.110","3","Kalau nyamannya mungkin putih aja sih latar putih."
"00:34:26.250","00:34:27.480","3","Nanti mau dikasih aksan apa-apa."
"00:34:27.590","00:34:28.550","3","Nggak usah rame-rame kan."
"00:34:29.350","00:34:31.770","3","Yang penting jalan ini ya."
"00:34:31.940","00:34:35.410","3","Mungkin tampilannya kalau nyamannya mungkin tetap background putih aja ya mungkin."
"00:34:35.830","00:34:36.480","3","Ya itu sih selera."
"00:34:36.610","00:34:39.850","3","Tapi kalau lihat kemarin kayaknya lebih nyaman putih aja itu."
"00:34:40.630","00:34:44.350","2","Oh ya itu sebenarnya udah ada fitur drag mode and light mode."
"00:34:44.590","00:34:44.790","2","Oh."
"00:34:45.150","00:34:46.070","2","Kalau jadi bisa switch."
"00:34:46.650","00:34:47.190","3","Oke oke."
"00:34:47.350","00:34:48.530","2","Tergantung preferensi."
"00:34:48.550","00:34:49.980","3","Tergantung preferensi kan."
"00:34:50.070","00:34:51.110","3","Kalau itu kan balik lagi preferensi."
"00:34:51.590","00:34:53.750","3","Cuma nyamannya balik masing-masing ini."
"00:34:54.410","00:34:54.690","","Oke."
"00:34:55.850","00:34:57.010","3","Sementara paling itu."
"00:34:57.230","00:35:05.790","3","Dan mungkin just info juga kita punya nomor unit, nomor kantor, nomor WA."
"00:35:05.790","00:35:18.270","3","Jadi kalau sekarang kita sudah announce tuh siapapun yang belum tahu kontak personnya teman-teman PICS itu bisa kontak ke nomor itu."
"00:35:18.390","00:35:23.850","3","Mungkin nomor itu nanti bisa disangkutkan untuk ke broadcast sistem fitur broadcastnya tadi."
"00:35:25.460","00:35:26.350","2","Oke baik."
"00:35:31.350","00:35:33.130","3","Oh lupa satu mas."
"00:35:33.230","00:35:34.210","3","Ada menu yang lupa kita."
"00:35:34.790","00:35:36.050","3","Yang permintaan penawaran."
"00:35:37.480","00:35:38.010","2","Oke."
"00:35:38.510","00:35:40.110","2","Gimana tuh maksudnya?"
"00:35:41.150","00:35:42.310","3","Tadi kalau disebutin berapa?"
"00:35:42.590","00:35:43.110","3","Kebanyakan lagi."
"00:35:43.670","00:35:45.890","3","Yang permintaan penawaran itu."
"00:35:46.690","00:35:47.960","3","Jadi permintaan."
"00:35:48.390","00:35:52.750","3","Usernya atau penggunanya adalah kliennya kita mas."
"00:35:52.830","00:35:53.590","3","Customernya kita."
"00:35:54.570","00:35:56.440","3","Jadi mereka bisa langsung ngisi data."
"00:35:58.480","00:36:01.670","3","Data dirinya mereka termasuk data perusahaannya."
"00:36:01.670","00:36:04.650","3","Pada saat mereka mau minta harga ke kita."
"00:36:04.870","00:36:06.370","3","Jadi misalnya customer baru nih."
"00:36:07.170","00:36:12.030","3","Customer baru ini belum terdaftar di kita."
"00:36:12.750","00:36:15.130","3","Mereka itu bisa ngisi permintaan."
"00:36:15.130","00:36:18.130","3","Ada form permintaan penawaran."
"00:36:18.850","00:36:20.290","3","Permintaan penawaran harga itu."
"00:36:20.420","00:36:21.710","3","Itu di listnya."
"00:36:22.210","00:36:24.980","3","Nanti secara prosedur mas Amir diserajak ke mas Irham."
"00:36:25.230","00:36:28.090","3","Jadi ngisi nama kebutuhannya apa."
"00:36:28.770","00:36:29.830","3","Spesifikasinya apa."
"00:36:30.610","00:36:31.910","3","Itu nanti dikirimkan."
"00:36:32.250","00:36:34.770","3","Yang penggunanya adalah customer-nya kita."
"00:36:35.190","00:36:37.410","3","Yang ngisi form-nya itu adalah customer-nya kita."
"00:36:38.110","00:36:46.390","3","Nah harapannya ketika submit itu notifikasinya bisa masuk ke webnya."
"00:36:46.630","00:36:48.510","3","Atau masuk ke si WA yang tadi mas."
"00:36:48.630","00:36:51.030","3","WA perusahaan lah."
"00:36:51.150","00:36:51.810","3","WA kantor lah."
"00:36:51.890","00:36:52.390","3","Bukan WA perusahaan."
"00:36:52.460","00:36:53.050","3","WA kantor."
"00:36:53.730","00:36:54.210","3","Paling itu."
"00:36:55.270","00:36:59.650","2","Oke berarti jadinya itu diakses ke public ya."
"00:36:59.750","00:37:01.750","2","Bukan untuk private internal."
"00:37:02.130","00:37:02.980","3","Khusus menu itu."
"00:37:03.480","00:37:04.390","2","Khusus menu itu."
"00:37:04.480","00:37:04.650","2","Oke."
"00:37:04.710","00:37:08.390","3","Khusus menu itu ke eksternalnya hanya mereka ngisi form."
"00:37:08.550","00:37:10.610","3","Setelah ngisi form mereka gak bisa ngeliat apa-apa lagi itu."
"00:37:11.420","00:37:11.910","2","Oke baik."
"00:37:12.330","00:37:12.870","3","Hanya itu saja."
"00:37:15.440","00:37:16.010","2","Oke."
"00:37:16.010","00:37:20.090","1","Kita coba sondingkan itu mas."
"00:37:20.230","00:37:25.710","1","Karena otomatis kalau begitu harus ada dua opsi sih."
"00:37:25.940","00:37:31.610","1","Itu mungkin pelanggan-pelanggan baru yang langsung kontak dengan WA ini ya perusahaan."
"00:37:31.610","00:37:41.960","1","Kalau ke personal masing-masing kan sepertinya udah bisa langsung penawaran apa sih yang sebenarnya mereka ingin."
"00:37:42.110","00:37:48.770","1","Cuman kalau untuk yang baru kan itu tujuannya kan untuk menambah database-databes datanya kita ya."
"00:37:48.850","00:37:50.710","1","Terus perusahaan apa, siapa kategorinya."
"00:37:50.710","00:37:57.480","3","Ya tapi secara prosedur sebenarnya kategori tidak ada kategori pelanggan lama ataupun pelanggan baru."
"00:37:57.480","00:38:03.330","3","Jadi semua permintaan penawaran harga itu harus terdokumentasi sebetulnya."
"00:38:03.590","00:38:04.390","3","Sederhananya begitu."
"00:38:04.530","00:38:08.410","3","Jadi mau pelanggan lamanya mas Amir minta harga tuh."
"00:38:09.010","00:38:14.850","3","Mau by email atau by WA itu tetap diisi tuh permintaannya itu."
"00:38:15.250","00:38:19.770","3","Tetap monitoring ada permintaan bahwa ada permintaan harga itu."
"00:38:20.170","00:38:25.420","3","Mau by telpon, by WA, by email pun mereka tetap ngisi form itu."
"00:38:29.750","00:38:36.550","3","Jadi nanti di share kita share ke pelanggannya hanya dalam bentuk link mereka langsung ngisi aja gitu."
"00:38:37.250","00:38:38.920","3","Itu untuk melengkapi prosedur kita aja."
"00:38:39.130","00:38:43.290","3","Tapi eksekusinya apakah sudah kirim data lewat WA atau imbat email ya nggak apa-apa."
"00:38:43.460","00:38:45.070","3","Itu tetap jalan seperti biasanya."
"00:38:45.070","00:38:49.750","3","Tapi mereka cuma ngawali untuk permintaan pengisian formnya aja di awal."
"00:38:50.480","00:38:52.690","1","Kayak kirim link saja gitu mas ya untuk."
"00:38:53.250","00:38:58.070","3","Sepannya begitu mungkin nanti mas Hiram nggak tahu konsepnya apakah bisa kirim link saja atau harus akses."
"00:38:58.210","00:39:01.910","3","Kalau disuruh-suruh terlalu panjang itu kadang pelanggan ribet dia mas ya."
"00:39:02.910","00:39:05.670","2","Link kasih ini aja, link bebas gitu."
"00:39:06.090","00:39:07.190","3","Dikasih link bebas."
"00:39:07.350","00:39:09.440","3","Mereka ngisi kayak ngisi ke Google form gitu kan."
"00:39:09.570","00:39:10.790","3","Lebih cepat gitu kan."
"00:39:10.870","00:39:14.190","3","Daripada mereka, Pak silahkan akses ini, buka menu ini, buka yang ribet kan."
"00:39:14.530","00:39:15.030","2","Iya ribet."
"00:39:15.570","00:39:17.510","3","Mungkin konsepnya itu aja."
"00:39:17.610","00:39:19.980","3","Berarti mungkin direkap lagi tadi mas Amir dicatat."
"00:39:20.390","00:39:28.420","3","Berarti data pelanggan, penilaian pelanggan, permintaan penawaran, monitoring proyek."
"00:39:29.130","00:39:29.690","3","Berarti lima nih."
"00:39:29.690","00:39:32.870","3","Fitur chat blastnya mungkin tadi saya terakhir aja mas."
"00:39:33.530","00:39:37.650","3","Karena secara operasional kita jarang sekali chat blast ya."
"00:39:37.730","00:39:40.070","3","Maksudnya informasi broadcast itu masih jarang."
"00:39:40.910","00:39:42.710","3","Tapi boleh nanti fitur terakhir aja mas."
"00:39:42.770","00:39:43.510","3","Kalau masih possible."
"00:39:44.030","00:39:45.440","3","Berarti lima fitur mas Amir."
"00:39:45.570","00:39:47.770","1","Lumayan mas."
"00:39:48.170","00:39:49.230","1","Nanti diianikan aja."
"00:39:49.870","00:39:51.350","3","Iya itu bisa nambah lagi tuh."
"00:39:51.440","00:39:54.250","3","Kalau udah proyeknya berhasil kan ke monitoring proyek berjalan."
"00:39:54.420","00:39:54.570","3","Iya kan."
"00:39:55.350","00:39:56.190","3","Monitoring proyek berjalan."
"00:39:56.370","00:39:57.050","3","Proyeknya udah selesai."
"00:39:57.150","00:39:57.830","3","Baru CSI."
"00:39:57.980","00:39:58.670","3","Panjang itu."
"00:40:01.670","00:40:02.890","3","CSI-nya kita masih sulit."
"00:40:02.980","00:40:03.690","3","Masih ribet soalnya."
"00:40:04.690","00:40:05.440","2","Oh ya maaf."
"00:40:05.670","00:40:06.420","2","CSI itu apa ya?"
"00:40:07.150","00:40:10.330","3","Customer penilaian pelanggan."
"00:40:11.030","00:40:11.570","2","Oh baik."
"00:40:12.330","00:40:13.460","4","Customer satisfaction."
"00:40:15.030","00:40:15.940","3","Satisfaction index."
"00:40:15.940","00:40:18.250","3","Customer satisfaction index."
"00:40:19.850","00:40:20.980","3","Penilaian pelanggan."
"00:40:21.980","00:40:25.440","2","Penilaian pelanggan dari sisi pelanggannya atau dari sisi perusahaan?"
"00:40:25.440","00:40:25.830","2","Pelanggan ya."
"00:40:26.410","00:40:27.590","3","Penilaian pelanggan ke kita."
"00:40:28.130","00:40:29.150","3","Kalau tadi penilaian."
"00:40:29.570","00:40:30.350","3","Ada dua."
"00:40:30.480","00:40:32.010","3","Jadi di kita itu ada penilaian pelanggan."
"00:40:32.190","00:40:34.270","3","Kita yang menilai pelanggan."
"00:40:34.370","00:40:39.480","3","Jadi kita ngasih skor ke pelanggan ini atas kontrak dan cara bayarnya mereka."
"00:40:39.670","00:40:41.310","3","Apakah ada bermasalah atau segala macam."
"00:40:42.110","00:40:46.390","3","Begitupun mereka menilai kita gitu atas pelayanannya produknya kita."
"00:40:46.710","00:40:48.510","3","Segala macamnya dari sisi kita gitu."
"00:40:49.070","00:40:53.170","3","Kalau CSI dari sisi perusahaan sudah ada formnya dan menu apa namanya."
"00:40:54.630","00:40:58.290","3","Isiannya sebenarnya sudah ada webnya sebetulnya."
"00:40:58.440","00:41:03.940","3","Jadi teman-teman customer sekarang kita kalau mau ngisi CSI harus akses web itu."
"00:41:04.070","00:41:05.960","3","Dan menurut saya sih masih ribet ya."
"00:41:06.010","00:41:09.030","3","Masih saya komentari itu ribet rasanya."
"00:41:10.710","00:41:17.190","3","Harapannya ya ini bukan mau ngadu tapi ngasih alternatif ini yang lebih mudah gitu kan."
"00:41:17.590","00:41:20.330","3","Ke mereka dan ke perusahaan nih gitu."
"00:41:20.850","00:41:23.910","3","Biar nanti mereka juga punya berpikir ke situ gitu."
"00:41:24.460","00:41:25.850","3","Karena CRMnya nggak jalan mas."
"00:41:26.090","00:41:26.590","3","Menurut saya."
"00:41:28.030","00:41:28.420","3","Di kita."
"00:41:28.530","00:41:30.610","2","Oh ada assisting app gitu ya."
"00:41:31.110","00:41:40.890","3","Ada assisting webnya untuk CRM tapi kita gunakan hanya untuk mereka ngisi CSI saja gitu."
"00:41:41.440","00:41:44.590","3","Padahal di dalamnya menunya cukup banyak portalnya ya."
"00:41:45.390","00:41:51.890","3","Tapi jarang customer sekarang kan pengennya simple ngisi terus monitoringnya gimana gitu."
"00:41:52.570","00:41:53.070","3","Itu aja sih."
"00:41:55.460","00:41:57.230","3","Nah itu nanti opsi terakhirlah kalau CSI."
"00:41:57.460","00:42:01.330","3","Karena harus ada prosesnya monitoring proyek berjalan dulu baru ke CSI gitu."
"00:42:02.270","00:42:04.330","3","Biar mau nyambung semua database-nya kan lebih enak gitu."
"00:42:04.330","00:42:05.410","3","Jadi fitur."
"00:42:05.730","00:42:08.750","3","Lima fitur yang kita tawarkan dulu."
"00:42:08.940","00:42:10.710","3","Mungkin empat yang jadi prioritas tadi ya."
"00:42:10.850","00:42:11.870","3","Selain yang broadcast ya."
"00:42:11.980","00:42:12.730","3","Fitur chat broadcast."
"00:42:15.230","00:42:16.750","3","Begitu Mas Irham."
"00:42:17.910","00:42:19.710","3","Mungkin ada tambahan teman-teman nih."
"00:42:19.850","00:42:22.420","3","Hadir juga nih ada Pak Sum, Mas Riyadi, Mas Agung."
"00:42:22.570","00:42:26.150","4","Iya Mas."
"00:42:26.290","00:42:27.730","4","Ijin menambahkan Mas."
"00:42:28.550","00:42:28.940","3","Gas."
"00:42:29.870","00:42:30.130","4","Iya."
"00:42:30.570","00:42:31.460","4","Siang Mas Irham."
"00:42:31.770","00:42:32.290","4","Salam kenal."
"00:42:32.420","00:42:32.890","4","Riyadi."
"00:42:33.270","00:42:33.790","2","Mas Riyadi."
"00:42:34.530","00:42:34.770","4","Iya."
"00:42:35.440","00:42:36.750","4","Jadi gini Mas."
"00:42:36.850","00:42:38.910","4","Ini kan tadi fiturnya itu."
"00:42:39.830","00:42:41.250","4","Mungkin saya tadi."
"00:42:41.570","00:42:41.980","4","Entah maaf ini."
"00:42:42.290","00:42:44.770","4","Nggak gabung dari awal."
"00:42:44.910","00:42:48.420","4","Tapi saya mau mengingatkan fitur yang mengingatkan."
"00:42:48.420","00:42:49.250","4","Apa."
"00:42:50.070","00:42:51.410","4","Momen-momen ini ya."
"00:42:51.480","00:42:53.440","4","Kayak misalkan ulang tahun pelanggan."
"00:42:54.070","00:42:55.390","4","Karena kan kita submit."
"00:43:00.390","00:43:04.070","4","Tanggal lahir pelanggan pada saat kita submit data ya."
"00:43:04.480","00:43:04.810","4","Nah itu."
"00:43:05.170","00:43:06.910","4","Istilahnya pada saat hari hanya itu."
"00:43:07.070","00:43:07.790","4","Ada semacam."
"00:43:08.480","00:43:12.170","4","Muncul peringatan di dashboardnya awal itu."
"00:43:12.420","00:43:17.110","4","Jadi kayak ulang tahun terus kayak hari-hari keagamaan besar ya."
"00:43:17.170","00:43:19.910","4","Kayak idul fitri, natal."
"00:43:20.630","00:43:22.890","4","Itu ada muncul."
"00:43:23.110","00:43:25.770","4","Nah terus saya juga mungkin mau menanyakan."
"00:43:26.150","00:43:31.130","4","Ada bisa tidak ditambahkan fitur kayak WA broadcast begitu."
"00:43:31.610","00:43:32.960","4","Jadi misalkan ini."
"00:43:32.960","00:43:34.940","4","Kayak idul fitri."
"00:43:35.270","00:43:37.480","4","Kan muncul tuh semua pelanggan yang agamanya Islam."
"00:43:38.410","00:43:39.070","4","Jadi kita."
"00:43:39.940","00:43:41.830","4","Kalau kita misalkan."
"00:43:42.190","00:43:42.750","4","Apa."
"00:43:44.190","00:43:47.450","4","Konekkan akun kita dengan WA kita misalkan ya."
"00:43:47.770","00:43:50.830","4","Nah itu bisa tinggal klik langsung tersebar semua gitu."
"00:43:51.130","00:43:52.150","4","Ucapannya gitu ke."
"00:43:52.830","00:43:55.730","4","Semua pelanggan yang merayakan."
"00:43:56.330","00:43:56.590","4","Nah jadi."
"00:43:57.690","00:43:59.010","4","Ada semacam apa."
"00:43:59.430","00:44:01.830","4","Fitur yang memudahkan kita lah untuk mengucapkan."
"00:44:03.030","00:44:06.270","4","Ke beberapa pelanggan secara bersamaan langsung ya."
"00:44:06.390","00:44:06.710","4","Begitu."
"00:44:08.550","00:44:09.710","4","Itu yang pertama."
"00:44:09.890","00:44:11.470","4","Terus yang kedua tadi menyambung yang."
"00:44:12.210","00:44:14.450","4","Diinfokan sama Mas Fari."
"00:44:14.610","00:44:14.790","4","Jadi."
"00:44:15.590","00:44:17.190","4","Kita itu butuh juga kayak."
"00:44:17.590","00:44:20.370","4","Mencari pelanggan yang namanya langsung."
"00:44:20.670","00:44:20.830","4","Jadi."
"00:44:22.030","00:44:24.910","4","Boleh dibilang kan biasa pelanggan itu ada yang."
"00:44:26.030","00:44:26.670","4","Apa."
"00:44:26.950","00:44:28.010","4","Pinjam perusahaan."
"00:44:28.850","00:44:29.030","2","Oke."
"00:44:29.990","00:44:31.410","4","Jadi kalau kita misalkan."
"00:44:32.670","00:44:33.870","4","Tulis namanya."
"00:44:34.510","00:44:37.630","4","Mungkin dia bisa saja tidak ada di perusahaan itu."
"00:44:37.810","00:44:39.650","4","Karena dia mungkin pinjam perusahaan."
"00:44:40.430","00:44:42.090","4","Nah jadi kalau kita tulis nama kan itu."
"00:44:42.310","00:44:44.550","4","Mungkin dia bisa muncul di beberapa perusahaan."
"00:44:44.650","00:44:45.330","4","Jadi kita bisa tahu."
"00:44:45.550","00:44:46.310","4","Ini memang orang."
"00:44:47.250","00:44:48.390","4","Bisa dibilang."
"00:44:48.650","00:44:49.870","4","Suka pinjam perusahaan."
"00:44:49.870","00:44:50.110","4","Jadi."
"00:44:51.230","00:44:53.450","4","Tidak terikat dalam satu perusahaan saja."
"00:44:53.630","00:44:54.310","4","Jadi kita tidak bisa."
"00:44:54.870","00:44:56.030","4","Kita tidak bingung."
"00:44:56.150","00:44:56.830","4","Misalkan mencari."
"00:44:58.110","00:44:59.170","4","Perusahaannya orang ini."
"00:44:59.950","00:45:00.770","4","Gitu mungkin Mas Hiram."
"00:45:01.370","00:45:02.050","2","Berarti nanti."
"00:45:02.370","00:45:04.250","2","Kemungkinan ada redundansi data."
"00:45:04.490","00:45:04.950","2","Dalam artian."
"00:45:05.750","00:45:06.310","2","Satu."
"00:45:06.870","00:45:09.130","2","K person ini bisa punya banyak perusahaan begitu ya."
"00:45:09.370","00:45:10.370","4","Betul."
"00:45:10.370","00:45:10.570","4","Betul."
"00:45:10.570","00:45:10.690","4","Betul."
"00:45:10.690","00:45:11.210","4","Betul."
"00:45:11.210","00:45:11.690","4","Nah jadi."
"00:45:11.890","00:45:13.050","4","Jadi misalkan ini."
"00:45:13.430","00:45:14.690","4","Ada namanya misalkan."
"00:45:16.690","00:45:17.330","4","Siapalah."
"00:45:17.470","00:45:17.730","4","Misalkan."
"00:45:18.370","00:45:18.710","4","Soleh."
"00:45:18.870","00:45:19.630","4","Nah itu ternyata dia."
"00:45:20.470","00:45:22.430","4","Nah misalkan kita."
"00:45:22.850","00:45:23.350","4","Soleh nih."
"00:45:23.550","00:45:24.110","4","Ternyata ini."
"00:45:24.510","00:45:25.110","4","Soleh ini."
"00:45:25.590","00:45:27.510","4","Sebuah ketahuan dari Mas Ameri ini."
"00:45:27.590","00:45:28.970","4","Perusahaannya misalkan PT ABC."
"00:45:29.710","00:45:30.070","4","Nah tapi."
"00:45:30.650","00:45:31.890","4","Kalau dari saya ternyata dia."
"00:45:32.550","00:45:32.830","4","CBD."
"00:45:33.090","00:45:33.530","4","Nah ini kan."
"00:45:34.110","00:45:34.970","4","Oh ternyata dia punya."
"00:45:35.650","00:45:36.850","4","Banyak perusahaan."
"00:45:37.190","00:45:37.390","4","Nah."
"00:45:37.710","00:45:37.930","4","Jadi."
"00:45:38.570","00:45:39.490","4","Kalau misalkan kita."
"00:45:40.390","00:45:41.110","4","Soleh ini."
"00:45:41.370","00:45:41.890","4","Ternyata."
"00:45:42.470","00:45:42.810","4","Selain."
"00:45:43.210","00:45:44.510","4","Yang Mas Ameri tahu dan saya."
"00:45:44.610","00:45:45.910","4","Ternyata banyak perusahaan lagi."
"00:45:46.130","00:45:46.610","4","Yang dia punya."
"00:45:46.870","00:45:47.230","4","Nah ini kan."
"00:45:47.950","00:45:49.190","4","Kita bisa melacak nih."
"00:45:49.290","00:45:49.610","4","Misalkan."
"00:45:49.850","00:45:50.410","4","Customer ini."
"00:45:51.630","00:45:52.490","4","Ternyata punya."
"00:45:53.270","00:45:54.070","4","Banyak perusahaan."
"00:45:54.150","00:45:54.430","4","Atau dia."
"00:45:55.230","00:45:56.590","4","Sering pinjam perusahaan."
"00:45:56.830","00:45:57.290","4","Gitu mas."
"00:45:58.250","00:45:58.770","2","Oke baik."
"00:45:59.910","00:46:00.470","4","Nah mungkin."
"00:46:01.930","00:46:02.930","4","Fitur yang itu."
"00:46:03.330","00:46:04.050","4","Boleh di."
"00:46:04.830","00:46:05.070","4","Di."
"00:46:05.510","00:46:05.650","4","Apa."
"00:46:06.030","00:46:06.190","4","Di."
"00:46:06.710","00:46:07.430","4","Ditambahkan juga."
"00:46:07.590","00:46:08.150","4","Jadi selain."
"00:46:08.570","00:46:10.450","4","Selain kita mau mencari perusahaan."
"00:46:10.530","00:46:11.150","4","Kita mencari."
"00:46:11.970","00:46:12.490","4","Dari."
"00:46:13.050","00:46:14.310","4","Key personnya ya."
"00:46:14.410","00:46:15.550","4","Dari key personnya itu."
"00:46:16.270","00:46:18.010","4","Muncul perusahaan-perusahaannya di bawah."
"00:46:18.190","00:46:18.310","4","Gitu."
"00:46:19.430","00:46:20.190","4","Mungkin gitu mas."
"00:46:20.290","00:46:20.490","4","Yang."
"00:46:21.050","00:46:21.850","4","Kalau saya sih lebih."
"00:46:22.270","00:46:23.330","4","Lebih yang ini."
"00:46:23.510","00:46:23.610","4","Apa."
"00:46:24.470","00:46:25.490","4","WA Broadcast itu."
"00:46:25.670","00:46:25.870","4","Jadi."
"00:46:26.230","00:46:26.610","4","Kita."
"00:46:27.110","00:46:28.430","4","Dari kita ini bisa."
"00:46:30.650","00:46:31.250","4","Mempermudahlah."
"00:46:31.310","00:46:32.490","4","Istilahnya untuk mengucapkan."
"00:46:32.630","00:46:33.190","4","Misalkan kayak."
"00:46:34.710","00:46:35.230","4","Natal."
"00:46:35.330","00:46:36.130","4","Atau tahun baru."
"00:46:36.130","00:46:36.610","4","Atau."
"00:46:37.570","00:46:38.990","4","Perayaan-perayaan hari keagaman besar."
"00:46:39.170","00:46:39.410","4","Gitu mas."
"00:46:40.110","00:46:40.690","4","Terus juga."
"00:46:42.730","00:46:44.450","4","Fungsi WA Broadcast ini juga."
"00:46:44.730","00:46:45.610","4","Bisa memberi kita."
"00:46:47.070","00:46:47.230","4","Apa."
"00:46:47.370","00:46:47.830","4","Contoh kayak."
"00:46:47.910","00:46:49.050","4","Misalkan pelanggan yang."
"00:46:50.650","00:46:52.210","4","Telah bekerja sama dengan kita."
"00:46:52.330","00:46:53.190","4","Misalkan tahun ini nih."
"00:46:53.730","00:46:54.310","4","Nah itu kita."
"00:46:55.310","00:46:56.530","4","Bekerja sama."
"00:46:56.710","00:46:58.070","4","Atau misalkan pun tidak bekerja sama."
"00:46:58.210","00:46:58.730","4","Nah itu bisa."
"00:46:59.330","00:46:59.630","4","Kita."
"00:47:01.630","00:47:02.190","4","Grupkan."
"00:47:02.310","00:47:02.990","4","Dan di broadcast."
"00:47:03.290","00:47:03.510","4","Karena."
"00:47:04.330","00:47:05.630","4","Ada permintaan."
"00:47:05.890","00:47:06.890","4","Pimpinan juga kemarin kan."
"00:47:07.010","00:47:07.430","4","Bilangnya."
"00:47:08.390","00:47:09.810","4","Kita mengucapkan."
"00:47:10.810","00:47:11.910","4","Ke pelanggan yang."
"00:47:12.270","00:47:13.110","4","Meskipun kita tidak."
"00:47:13.670","00:47:14.630","4","Bekerja sama-sama dia."
"00:47:15.590","00:47:15.890","4","Nah jadi."
"00:47:16.010","00:47:17.310","4","Mungkin fungsinya."
"00:47:17.670","00:47:18.690","4","WA Broadcast ini."
"00:47:18.870","00:47:19.010","4","Jadi."
"00:47:19.310","00:47:20.350","4","Mempermudah kita juga."
"00:47:21.290","00:47:23.430","4","Tidak satu-satu pelanggan."
"00:47:23.530","00:47:24.110","4","Jadi bisa kita."
"00:47:25.130","00:47:25.790","4","Gabung tuh."
"00:47:25.870","00:47:26.910","4","Misalkan di satu periode."
"00:47:27.070","00:47:27.670","4","Mengucapkan."
"00:47:29.970","00:47:30.490","4","Ucapan."
"00:47:30.870","00:47:31.070","4","Gitu."
"00:47:31.210","00:47:32.210","4","Ke pelanggan tersebut."
"00:47:32.910","00:47:33.290","4","Gitu mas."
"00:47:34.390","00:47:34.950","","Baik."
"00:47:37.110","00:47:38.450","4","Mungkin itu aja mas Hiram."
"00:47:38.610","00:47:38.830","4","Yang."
"00:47:39.390","00:47:39.590","4","Apa."
"00:47:39.950","00:47:41.190","4","Sedikit tambahan dari saya."
"00:47:41.370","00:47:41.910","4","Siapa tau bisa."
"00:47:42.750","00:47:43.910","4","Di pertimbangkan."
"00:47:44.030","00:47:44.670","4","Kalau memang ada."
"00:47:45.090","00:47:46.090","4","Fitur yang pernah."
"00:47:46.810","00:47:47.730","4","Mas Hiram buat."
"00:47:48.050","00:47:49.090","4","Nah itu mungkin bisa di."
"00:47:49.670","00:47:50.490","4","Coba juga di."
"00:47:51.410","00:47:51.930","4","Aplikasi."
"00:47:52.290","00:47:52.430","4","Apa."
"00:47:52.610","00:47:53.550","4","Di web yang kita."
"00:47:54.070","00:47:55.310","4","Ingin buat nanti ini mas."
"00:47:56.290","00:47:56.610","2","Oh baik."
"00:47:57.150","00:47:58.110","2","Berarti ada kayak."
"00:47:58.270","00:47:59.650","2","Menu funnelingnya gitu ya."
"00:47:59.690","00:48:00.610","2","Untuk customernya."
"00:48:01.450","00:48:01.770","4","Ya."
"00:48:02.010","00:48:02.650","4","Betul."
"00:48:03.110","00:48:04.310","4","Jadi misalkan pun ini kan."
"00:48:04.470","00:48:04.990","4","Customer ini."
"00:48:05.730","00:48:06.570","4","Yang tadi."
"00:48:06.850","00:48:07.250","4","Dibilang kan."
"00:48:07.370","00:48:08.490","4","Minta penawaran nih."
"00:48:08.670","00:48:09.070","4","Nah itu kan."
"00:48:09.570","00:48:10.550","4","Belum tentu dia semua."
"00:48:11.210","00:48:12.310","4","Deal dengan kita."
"00:48:12.750","00:48:13.610","4","Nah bisa saja kan ini."
"00:48:15.130","00:48:16.430","4","Ya istilahnya mungkin."
"00:48:18.050","00:48:18.650","4","Ada."
"00:48:19.670","00:48:20.510","4","Cash tertentu."
"00:48:20.590","00:48:21.170","4","Jadi dia tidak."
"00:48:21.450","00:48:22.510","4","Bisa bekerja sama dengan kita."
"00:48:22.650","00:48:23.150","4","Nah itu kita."
"00:48:23.650","00:48:24.350","4","Bisa kategori."
"00:48:24.530","00:48:24.710","4","Kita."
"00:48:25.050","00:48:25.250","4","Apa."
"00:48:25.630","00:48:26.890","4","Satu kategorikan."
"00:48:26.990","00:48:27.270","4","Dan kita."
"00:48:27.590","00:48:28.430","4","Berikan ucapan."
"00:48:29.070","00:48:29.350","4","Apalah."
"00:48:29.470","00:48:30.330","4","Terima kasih gitu."
"00:48:30.570","00:48:31.210","4","Istilahnya sudah."
"00:48:31.890","00:48:33.070","4","Menghubungi Wika Beton."
"00:48:33.190","00:48:33.650","4","Meskipun."
"00:48:34.330","00:48:34.870","4","Belum sempat."
"00:48:35.230","00:48:36.190","4","Bisa bekerja sama."
"00:48:36.450","00:48:36.670","4","Mungkin."
"00:48:36.950","00:48:37.610","4","Seperti itu mas."
"00:48:38.830","00:48:39.150","2","Baik."
"00:48:39.570","00:48:39.810","2","Baik."
"00:48:46.670","00:48:47.850","4","Nah mungkin."
"00:48:48.390","00:48:49.450","4","Dari saya itu saja."
"00:48:49.450","00:48:50.290","4","Mungkin dari."
"00:48:51.170","00:48:52.330","4","Bapak-bapak yang lain."
"00:48:52.470","00:48:53.550","4","Ada yang ingin menambahkan."
"00:48:53.810","00:48:54.770","4","Atau."
"00:48:57.330","00:48:57.930","4","Memberi."
"00:48:58.070","00:48:58.630","4","Masukan juga."
"00:48:58.770","00:48:59.190","4","Mungkin dari."
"00:48:59.890","00:49:00.670","4","Masukan saya."
"00:49:02.450","00:49:02.990","4","Terima kasih."
"00:49:10.650","00:49:11.650","3","Sampai jumpa."
"00:49:11.650","00:49:12.170","3","Masul."
"00:49:12.290","00:49:12.710","3","Mas Agung."
"00:49:17.450","00:49:18.090","","Cukup."
"00:49:18.830","00:49:19.450","","Lanjut."
"00:49:19.670","00:49:20.310","","Aja dulu mas."
"00:49:21.450","00:49:22.010","","Mungkin nanti."
"00:49:22.390","00:49:23.330","","Setelah ada."
"00:49:24.150","00:49:25.250","","Simulasi demonya."
"00:49:25.430","00:49:26.050","","Baru bisa."
"00:49:26.230","00:49:26.990","","Ini saya lihat."
"00:49:27.350","00:49:27.670","","Kira-kira."
"00:49:29.110","00:49:33.490","4","Perlu ditambahkan."
"00:49:33.570","00:49:34.630","4","Atau mungkin sudah cukup ya."
"00:49:34.710","00:49:35.150","4","Setelah."
"00:49:35.410","00:49:36.690","4","Ada simulasi demonya."
"00:49:36.790","00:49:37.450","4","Kelihatan gitu."
"00:49:38.850","00:49:39.730","","Oke lanjut mas."
"00:49:40.650","00:49:41.010","1","Siap."
"00:49:41.250","00:49:42.870","1","Setuju sama Pak Zul."
"00:49:43.570","00:49:44.830","1","Mungkin dari."
"00:49:45.670","00:49:46.130","1","Demo dulu."
"00:49:46.310","00:49:47.650","1","Nanti kita bisa lihat."
"00:49:48.190","00:49:49.190","1","Apa namanya."
"00:49:49.290","00:49:50.390","1","Tampilannya seperti apa."
"00:49:51.650","00:49:52.210","1","Terus ini."
"00:49:52.790","00:49:53.430","1","Menggunakan."
"00:49:53.870","00:49:54.850","1","Aplikasinya apa ya."
"00:49:54.990","00:49:55.430","1","Maksudnya."
"00:49:56.050","00:49:57.690","1","Berbasis android gitu."
"00:49:57.690","00:49:59.010","1","Atau gimana ya."
"00:50:00.170","00:50:00.370","2","Ya."
"00:50:00.830","00:50:01.370","2","Kalau."
"00:50:01.630","00:50:02.670","2","Base home."
"00:50:02.810","00:50:04.210","2","Requirement yang dijelasi itu."
"00:50:05.550","00:50:07.490","2","Yang saya lihat cocoknya di web."
"00:50:07.670","00:50:08.210","2","Cuma nanti."
"00:50:08.830","00:50:10.050","2","Di versi."
"00:50:10.530","00:50:11.190","2","Webnya itu."
"00:50:11.690","00:50:13.350","2","Istilahnya bisa di install itu."
"00:50:13.530","00:50:13.730","2","Ke."
"00:50:14.390","00:50:14.890","2","Home screen."
"00:50:15.110","00:50:15.390","2","Dari."
"00:50:15.750","00:50:16.390","2","HP masing-masing."
"00:50:17.030","00:50:18.250","2","Entah itu di iOS."
"00:50:18.470","00:50:19.570","2","Maupun di Android gitu."
"00:50:20.330","00:50:22.590","2","Cuma mungkin di iOS itu."
"00:50:22.750","00:50:23.890","2","Agak sedikit ribet ya."
"00:50:23.950","00:50:24.170","2","Karena."
"00:50:24.950","00:50:25.930","2","Protokolnya agak beda."
"00:50:26.010","00:50:27.210","2","Dengan yang di Android gitu Pak."
"00:50:27.830","00:50:28.210","1","Oh."
"00:50:28.350","00:50:28.570","1","Baik."
"00:50:28.650","00:50:28.870","1","Baik."
"00:50:29.010","00:50:29.410","1","Berarti."
"00:50:29.810","00:50:30.590","1","Tampilannya nanti."
"00:50:30.710","00:50:32.290","1","Tampilan seperti handphone gitu ya."
"00:50:32.350","00:50:34.230","1","Bukan tampilan web gitu ya."
"00:50:34.690","00:50:35.170","2","Betul."
"00:50:35.730","00:50:36.070","1","Oke."
"00:50:36.270","00:50:36.530","1","Siap."
"00:50:36.630","00:50:37.770","2","Nanti istilahnya."
"00:50:38.410","00:50:39.470","2","Kurang lebih kayak."
"00:50:39.890","00:50:41.170","2","Kita buka di web browser."
"00:50:41.730","00:50:43.650","2","Cuma tampilannya bakal full screen gitu."
"00:50:44.210","00:50:44.570","1","Oke."
"00:50:44.910","00:50:45.210","1","Siap."
"00:50:46.310","00:50:46.990","3","Ya paling."
"00:50:46.990","00:50:48.290","3","Sekarang di buildnya."
"00:50:48.450","00:50:49.610","3","Webnya dulu mas Agung."
"00:50:50.170","00:50:50.470","1","Siap."
"00:50:50.550","00:50:50.750","1","Siap."
"00:50:50.830","00:50:50.950","1","Siap."
"00:50:50.950","00:50:52.730","3","Kita minta masiram ke webnya dulu."
"00:50:52.950","00:50:54.630","3","Nanti webnya udah berjalan."
"00:50:55.270","00:50:55.890","3","Baru dibuat."
"00:50:56.110","00:50:57.470","3","Dibuatkan kayak work in."
"00:50:57.650","00:50:59.670","3","Work in kan kita installnya gak lewat app store."
"00:51:00.030","00:51:03.450","3","Atau di Google Store ya kan."
"00:51:04.110","00:51:04.870","3","Ya dibuka."
"00:51:05.450","00:51:07.630","3","Buka di web terus kita update atau install kan."
"00:51:08.230","00:51:09.890","3","Prosesnya mungkin seperti itu nanti Mas Agung."
"00:51:10.650","00:51:10.970","2","Oke."
"00:51:11.310","00:51:11.570","2","Siap."
"00:51:11.650","00:51:11.850","2","Siap."
"00:51:11.850","00:51:12.070","2","Siap."
"00:51:12.450","00:51:14.030","3","Jadi dibuatnya kita web dulu."
"00:51:14.310","00:51:16.110","3","Matang baru ke aplikasi."
"00:51:16.830","00:51:17.150","2","Betul."
"00:51:17.410","00:51:18.610","2","Demonya dulu aja mungkin."
"00:51:19.530","00:51:22.930","2","Nanti bisa kita maksimalkan dari demo itu."
"00:51:25.950","00:51:26.470","","Siap."
"00:51:26.710","00:51:27.730","","Paling itu sih dari saya."
"00:51:30.030","00:51:34.710","","Oke."
"00:51:35.770","00:51:36.550","1","Itu saja mungkin."
"00:51:36.750","00:51:37.190","1","Pak Pak Pak."
"00:51:37.370","00:51:40.950","1","Nanti kalaupun silahkan mungkin."
"00:51:41.170","00:51:42.130","1","Atau misalnya ini."
"00:51:42.610","00:51:43.250","1","Pak Irham."
"00:51:43.450","00:51:44.310","1","Saya juga lupa mana tau."
"00:51:44.430","00:51:45.690","1","Ada masukan-masukan."
"00:51:45.810","00:51:47.330","1","Misalnya Irham juga pernah sudah buat."
"00:51:47.490","00:51:48.330","1","Kayak seperti ini."
"00:51:48.990","00:51:50.130","1","Kayak istilahnya aplikasi."
"00:51:50.350","00:51:50.770","1","Apa ya."
"00:51:51.430","00:51:52.410","1","Database pelanggan."
"00:51:52.530","00:51:53.010","1","Atau mana tau."
"00:51:53.650","00:51:54.750","1","Ada yang kita mau sampaikan."
"00:51:54.870","00:51:56.870","1","Kayaknya bagus ditambahi fitur-fitur."
"00:51:57.310","00:51:57.870","1","Misalnya."
"00:51:58.830","00:51:59.910","1","Untuk berkelanjutan."
"00:52:00.130","00:52:00.390","1","Kayak."
"00:52:00.610","00:52:02.650","1","Kalau kemarin kami dapat referensi ininya."
"00:52:02.850","00:52:02.950","1","Apa."
"00:52:03.490","00:52:04.090","1","Kayak."
"00:52:04.730","00:52:05.490","1","Anggaplah."
"00:52:06.190","00:52:06.930","1","Perusahaan mobil kan."
"00:52:07.010","00:52:07.570","1","Perusahaan mobil."
"00:52:07.710","00:52:07.850","1","Oh."
"00:52:08.150","00:52:08.750","1","Sudah waktunya."
"00:52:09.250","00:52:10.350","1","Jatuh tempo untuk."
"00:52:12.050","00:52:13.150","1","Ganti oli."
"00:52:13.150","00:52:13.530","1","Ganti oli."
"00:52:14.230","00:52:14.750","1","Ganti."
"00:52:14.990","00:52:15.530","1","Ganti mana tau."
"00:52:15.610","00:52:17.270","1","Ada referensi-referensi."
"00:52:17.370","00:52:19.130","1","Yang sudah kita buat."
"00:52:19.310","00:52:20.450","1","Sebelumnya kasih masukan saja."
"00:52:20.710","00:52:21.390","1","Dari mana tau."
"00:52:21.490","00:52:22.350","1","Jadi bahas masukan."
"00:52:22.470","00:52:22.930","1","Bizar kami."
"00:52:23.230","00:52:23.750","1","Cuman kalau."
"00:52:23.950","00:52:24.870","1","Kami kan."
"00:52:25.150","00:52:26.570","1","Bukan kayak perusahaan mobil."
"00:52:26.710","00:52:27.290","1","Yang setelahnya."
"00:52:27.410","00:52:28.490","1","Ada waktu tertentunya."
"00:52:28.610","00:52:29.550","1","Akan ganti on the deal."
"00:52:29.630","00:52:30.930","1","Kan ini kayak supplier."
"00:52:31.130","00:52:31.730","1","Untuk proyek."
"00:52:31.890","00:52:32.330","1","Begitu kan."
"00:52:32.870","00:52:33.410","1","Jadi agak."
"00:52:33.590","00:52:34.010","1","Mana tau."
"00:52:34.110","00:52:35.190","1","Ada referensi-referensi."
"00:52:35.510","00:52:36.650","1","Masukan saja ke kami."
"00:52:36.790","00:52:37.510","1","Supaya ini tau."
"00:52:38.070","00:52:38.470","1","Lebih."
"00:52:39.310","00:52:39.730","1","Kompleks."
"00:52:39.850","00:52:40.190","1","Kelah ini."
"00:52:41.430","00:52:41.930","1","Kalau."
"00:52:42.530","00:52:43.270","1","Iya gitu."
"00:52:43.390","00:52:43.790","1","Itu sih."
"00:52:44.090","00:52:45.410","1","Saya tambah."
"00:52:45.610","00:52:46.290","2","Kalau dari."
"00:52:46.510","00:52:47.790","2","Kalau Toyota kemarin."
"00:52:48.010","00:52:48.730","2","Itu mereka."
"00:52:48.970","00:52:49.230","2","Kan."
"00:52:49.990","00:52:51.170","2","Kayak perbaikan mobil gitu ya."
"00:52:51.550","00:52:52.450","2","Ada leads-leadsnya."
"00:52:52.830","00:52:53.690","2","Terus."
"00:52:53.850","00:52:54.370","2","Scanning."
"00:52:54.530","00:52:56.010","2","Dari perbagi sisi gitu."
"00:52:56.950","00:52:57.270","2","Terus."
"00:52:57.430","00:52:58.690","2","Dilihat ini leadsnya."
"00:53:00.190","00:53:01.550","2","Bagian ini perlu diperbaiki."
"00:53:01.730","00:53:02.470","2","Ini perlu diperbaiki."
"00:53:02.570","00:53:03.450","2","Nanti dari sisi."
"00:53:03.770","00:53:04.290","2","Customernya."
"00:53:05.610","00:53:06.830","2","Yang konfirmasi."
"00:53:07.390","00:53:08.090","2","Ini gak usah."
"00:53:08.190","00:53:09.070","2","Yang ini masuk gitu."
"00:53:09.250","00:53:09.390","2","Jadi."
"00:53:09.810","00:53:10.970","2","Ada dasar panelingnya juga."
"00:53:11.050","00:53:20.770","2","gitu dari lips yang ada berapa yang sukses itu dikontor itu sih menyebabkan ada referensi-referensi"
"00:53:20.770","00:53:26.290","1","cuman kami belum belum temukan juga sih formula apa sebenarnya yang pas karena kan kalau kami"
"00:53:26.290","00:53:32.050","1","material konstruksi itu kan kayak luptuatif ya istilahnya tidak bisa kita tentukan umurnya rusak"
"00:53:32.050","00:53:37.750","1","kapan gitu kita tidak bisa tentukan jadi mana tahu ada referensi-referensi ya monggo kita terbuka"
"00:53:37.750","00:53:46.150","1","lagi juga untuk masukkan juga dari raha seperti apa itu sih ditangkap mungkin penuhnya semuanya"
"00:53:46.150","00:53:55.270","1","walaupun memang ada data yang kita butuhkan monggo segera nanti saya juga kirimkan ini apa sebenarnya"
"00:53:55.270","00:54:00.750","1","kemarin saya kami sudah ada database yang terbaru juga selama pelanggan tiga tahun terakhir saya coba"
"00:54:00.750","00:54:11.790","2","nanti di sensor aja ini data email nama lengkap itu kalau saya memang udah ada data perusahaan saja"
"00:54:11.790","00:54:20.150","1","sama nama person nomor telepon sama apa lagi ada di pengetahuan juga ya di ini aja boleh nanti saya"
"00:54:20.150","00:54:27.750","1","coba siarkan ke kita sama filter kan dulu apa-apa saja yang bisa kita siarkan ke atau ini supaya nanti"
"00:54:27.750","00:54:37.750","1","kita itu yang kita bisa jadi yang kita bisa olah ke dalam web atau nanti nantinya itu ada lagi kira-kira"
"00:54:37.750","00:54:48.150","2","masuk masuk apa yang ditanyakan atau apa gitu mungkin seh disampaikan juga mungkin saya sampaikan terkait"
"00:54:48.150","00:54:58.150","2","ini juga dikit akan nanti ada kebutuhan web untuk public ada web untuk penuh jadi otomatis kita butuh dua nih"
"00:54:58.150","00:55:06.150","2","dua web satu web untuk internal yang nggak bisa diakses oleh public jadi kita lewat jaringan yang private"
"00:55:06.150","00:55:11.150","2","sama yang bisa diakses oleh internet gitu mungkin itu sih nanti solusi"
"00:55:11.150","00:55:19.150","1","ini kalau harapannya kedepannya yang internal dulu kalau yang eksternal dan sedepannya itu yang dibilang"
"00:55:19.150","00:55:27.150","1","tadi nanti menyetuaikan dengan apa ya ini di modulnya jadi kalau syukur-syukurnya ini bisa kita kembangkan"
"00:55:27.150","00:55:34.150","1","aplikasi yang ayo takin kan bukan jadi saling menguntungkan itu begitu ini minimal kami buat laporan"
"00:55:34.150","00:55:43.150","1","kita dulu bilang Oh seperti ini ada demonya yang sudah main mappingnya sisa nanti ketika goals untuk dipercandingkan"
"00:55:43.150","00:55:52.150","1","ya baru pasti kita full up lagi ke dalam untuk tahapan selanjutnya tuh ya gitu gitu jadi kita apa ilham"
"00:55:52.150","00:55:57.150","1","juga kasih batasan nih ke kami kira-kira apa-apa saja sih fitur yang belum boleh akses tuh selama memang"
"00:55:57.150","00:56:04.150","1","belum belum sampai ke goalsnya itu itu sih kalau saya dan saya supaya ini ini bukan butuh kayak semuanya"
"00:56:04.150","00:56:10.150","1","cepat kemarin kan tampilannya sudah bagus juga sisa itu saja yang apa yang kita diskusikan dituangkan"
"00:56:10.150","00:56:20.150","1","ke dalam itu itu mungkin dari saya yang lain teman-teman masih ada masukkan sedikit nambahkan juga Mas Amir"
"00:56:20.150","00:56:35.150","2","mungkin mau sedikit tanya terkait eh karena ini kan nanti kalau misalkan eh bagus kedepannya dari sisi SE kan bisa"
"00:56:35.150","00:56:43.150","1","di develop lebih ke dari hulu sampai hilir lah itu mulai dari SE mungkin sampai dengan di pelaksanaan ya betul"
"00:56:43.150","00:56:58.150","1","terkait data server dan kerahasia data itu seperti apa ya gambarannya ya kalau boleh tahu ya oke eh kalau masalah server"
"00:56:58.150","00:57:10.150","2","entah nanti bisa pakai server dari kantor bapak-bapak sekalian atau mungkin bisa kita pakai cloud private gitu kalau misalkan ya AWS"
"00:57:10.150","00:57:25.150","2","di Google Cloud provider atau dari Alibaba tapi yang eh regionnya itu masih region Indonesia karena kan eh berdasarkan UU juga regionnya itu harus datanya itu di Indonesia"
"00:57:25.150","00:57:37.150","2","untuk masalah keamanan data nah itu paling sih yang pertama untuk servernya untuk pengaksesannya tadi yang sampai saya sebutkan nanti ada dua app yang dikembangkan"
"00:57:37.150","00:57:49.150","2","dikembangkan app public sama app buat internal jadi hanya internal aja yang bisa akses melalui jaringan yang udah di secure gitu"
"00:57:49.150","00:57:56.150","1","oke oke oke baik di copy mas kalau gitu mas makasih makasih makasih pokoknya tuh"
"00:57:56.150","00:58:18.150","4","nih masih ada lagi bapak-bapak nih untuk sementara ditangkap mungkin Ramdi hanya punya ya sedikit lagi mas saya mau sampaikan mungkin eh apa eh tujuan dari web ini kan itu supaya"
"00:58:18.150","00:58:47.150","4","bisa mempermudah kita ini marketing mengakses data jadi mungkin masih ram ini siapa tahu ada eh apa eh fitur-fitur yang mungkin tadi belum sempat kami eh sampaikan nah tapi menurut masih ram ini oh bagus ini untuk marketing itu gak apa-apa mas maksudnya biar kami juga bisa eh eh pilih ke depan kan karena kan kayak tadi fitur web web"
"00:58:47.150","00:59:16.150","4","kita bisa dikembangkan itu kan siapa tahu selain ada selain fitur itu ada juga dari eh mas Irham punya yang pernah dikerjaan dan nggak apa-apa mas di mungkin bisa di masukkan juga di eh apa di webnya kami ini jadi fiturnya itu ditambahkan nah terus yang eh apa terkait eh durasi apa lama dibikin web ini kira-kira berapa lama mas ya maksudnya untuk untuk"
"00:59:16.150","00:59:45.150","4","untuk bisa jadi dengan sesuai dengan sesuai yang tadi kita sampaikan karena kan otomatis sebelum kita eh oke kan pasti ada sedikit perbaikan-perbaikan gitu mas ya nah itu ya betul berapa lama mas ya kalau estimasi kasar saya sendiri ya based on fiturnya itu mungkin eh sekitaran dua tiga bulanan sih eh kalau untuk satu dua minggu pertama ini kita bisa eh"
"00:59:45.150","00:59:50.450","2","mappingin dulu ke dalam demo app-nya dalam bentuk UI gitu."
"00:59:51.250","00:59:54.270","2","Untuk masalah integrasi datanya itu bisa belakangan gitu."
"00:59:58.970","01:00:04.990","4","Berarti 1-2 minggu itu sudah masuk semua tadi itu yang fitur-fiturnya itu Mas ya?"
"01:00:05.710","01:00:07.750","2","Ya, masuk dalam bentuk UI aja gitu."
"01:00:07.910","01:00:10.890","2","Tapi belum sampai bisa digunakan gitu."
"01:00:11.670","01:00:14.390","2","Karena perlu integrasi ke misal kayak Google Maps."
"01:00:15.010","01:00:18.590","2","Terus integrasi ke meta untuk WA bisnisnya."
"01:00:19.270","01:00:23.310","2","Terus integrasi ke jaringan secure-nya gitu."
"01:00:26.250","01:00:30.330","4","Nah itu Mas Amir, kalau 2-3 bulan masih dapat nggak itu Mas?"
"01:00:33.110","01:00:34.250","1","Iya, sebenarnya."
"01:00:36.090","01:00:37.990","1","Kalau ini kan tadi itu."
"01:00:39.370","01:00:41.150","1","Dari apa?"
"01:00:42.690","01:00:45.450","1","Saya bilang, ya untuk demonya itu tahunnya."
"01:00:45.770","01:00:50.350","1","Berarti untuk ini jadi 2-3 bulan."
"01:00:52.150","01:00:54.210","2","Kalau dari timelannya ini?"
"01:00:55.490","01:00:59.270","1","Kalau ini, anunya jadi yang saya khawatirkan kan sebenarnya ini."
"01:01:01.270","01:01:10.030","1","Kalau sistem untuk inovasinya sendiri kan prosesnya itu kita pemasukan demo sama makalanya itu."
"01:01:10.690","01:01:13.810","1","Nah mereka kan akan seleksi dulu lah ya."
"01:01:14.190","01:01:16.950","1","Akan seleksi untuk terkait dari seluruh Indonesia."
"01:01:17.150","01:01:19.710","1","Mana-mana sih yang bisa menunjukkan ke tahap selanjutnya."
"01:01:19.710","01:01:26.570","1","Nah kekhawatiran kami ketika, anggaplah yang dibahasakan tadi, kita lolos."
"01:01:26.710","01:01:35.110","1","Kemudian ternyata diminta untuk ketahapan selanjutnya dalam bentuk yang itu."
"01:01:35.170","01:01:39.710","1","Yang kita bilang integrasi itu paling lama biasanya 2 bulanan."
"01:01:40.710","01:01:42.250","1","Jadi kayak misalnya."
"01:01:42.370","01:01:44.790","2","Dari timeline sekarang ya sampai ke demonya itu?"
"01:01:44.790","01:01:50.670","1","Dari timeline ketika kita lolos setelah tampilkan demo."
"01:01:50.930","01:01:51.310","1","Oke."
"01:01:51.470","01:01:52.070","1","Ya tanya begitu."
"01:01:52.490","01:01:54.370","1","Cuman takutnya yang dibilang tadi."
"01:01:54.490","01:01:57.530","1","Takutnya harus lagi integrasikan."
"01:01:57.750","01:01:59.750","1","Kemudian kita presentasi ke kami."
"01:01:59.870","01:02:02.290","1","Kemudian ada lagi koreksi-koreksi itu kan."
"01:02:02.690","01:02:07.310","1","Ya mungkin yang kita bilang sampai 3 bulan mungkin ya baru ininya."
"01:02:07.550","01:02:10.950","1","Nah makanya kubilang harapannya supaya bisa apa ya."
"01:02:11.150","01:02:17.470","1","Kalaupun memang integrasi-integrasi data yang kami inginkan itu."
"01:02:18.110","01:02:22.310","1","Kira-kira maksimalnya anggaplah 1,5 sampai 2 bulan maksimal."
"01:02:22.490","01:02:24.810","1","Kira-kira yang mana-mana saja yang bisa diambil."
"01:02:25.090","01:02:31.290","2","Yang mungkin paling ribetnya itu kak di sisi existing data."
"01:02:31.870","01:02:35.330","2","Karena existing data itu kan kita gak tau strukturnya kayak gimana ya."
"01:02:35.750","01:02:37.650","2","Terus sketch rate gitu kan."
"01:02:38.250","01:02:42.910","2","Mungkin itu sih yang paling beratnya di data existing gitu."
"01:02:45.130","01:02:47.170","1","Yang struktur data itunya ya."
"01:02:48.010","01:02:50.790","2","Ya karena bisa free input kan."
"01:02:50.790","01:02:54.130","2","Kalau dilihat dari app yang ada tadi gitu."
"01:02:55.090","01:03:07.170","2","Kalau misalnya kita inputnya yang baru-baru saja atau kita mau manual input juga."
"01:03:07.830","01:03:10.230","2","Benarnya bisa-bisa aja lebih cepat gitu."
"01:03:10.370","01:03:13.470","2","Mungkin bisa di 1,5 bulan gitu kak."
"01:03:15.550","01:03:22.290","2","Dan kalau kita ETL istirahnya ekstrak transform sama load datanya ke database kita itu."
"01:03:22.950","01:03:26.450","2","Itu yang PRC, ngebersihin data yang redundant gitu."
"01:03:28.210","01:03:31.170","1","Oh berarti sistemnya kayak ini ya."
"01:03:32.290","01:03:34.750","1","Misalnya ada data lama yang sudah masuk."
"01:03:35.330","01:03:38.610","1","Kemudian kita masukkan data baru lagi."
"01:03:38.610","01:03:42.890","1","Misalnya berarti mereka memulai dari nol lagi pembacaan di aplikasinya itu ya."
"01:03:43.430","01:03:43.770","1","Gitu ya."
"01:03:43.770","01:03:45.130","2","Ya betul."
"01:03:45.670","01:03:54.670","2","Jadi entah bisa masukin data lama input manual sama input data baru juga bisa bersamaan."
"01:03:55.190","01:04:00.730","2","Tapi kita gak bisa ambil source datanya dan bisa diambil cuma butuh waktu aja gitu."
"01:04:04.730","01:04:08.870","1","Ya. Baiklah. Nanti kami coba sondingkan dulu data referensinya."
"01:04:09.330","01:04:11.210","1","Yang kurang lebih harapannya seperti itu."
"01:04:11.430","01:04:18.730","1","Jadi kalaupun memang kita tampilkan saja dulu yang bisa kita demokan."
"01:04:19.530","01:04:21.590","1","Yang terkait apa-apa saja tadi itu."
"01:04:21.590","01:04:29.830","1","Nah kalaupun memang kemudian nanti di, di apa ya, di anggaplah zoom atau rapat berikutnya."
"01:04:30.050","01:04:34.430","1","Kami coba mungkin tanyakan kira-kira atas model yang kita buat ini."
"01:04:35.110","01:04:37.410","1","Fixkah 2-3 bulan ataukah bisa dipercepat lagi."
"01:04:37.550","01:04:43.610","1","Kira-kira apa langkah-langkah yang bisa dipercepat untuk misalnya hanya 1,5 bulan atau 2 bulan lah terkait."
"01:04:44.110","01:04:48.730","1","Ini nyata aplikasinya itu ketika sudah lolos nanti ke prakualifikasi."
"01:04:48.730","01:04:55.970","1","Karena saya khawatirnya misalnya kita buat bagus demonya ternyata tidak bisa diaplikasi, berburu dengan waktu dengan aplikasi nantinya."
"01:04:56.850","01:04:59.290","1","Nah gitu. Itu saya khawatirnya di situ."
"01:04:59.450","01:05:04.510","1","Jadi makanya bilang saya target memang kira-kira ya boleh munggu kita munculkan dengan kami."
"01:05:04.690","01:05:08.110","1","Tapi nanti kami juga pasti tanyakan ke kita kembali."
"01:05:08.270","01:05:15.650","1","Kira-kira dengan waktu 2 bulan setelah anggaplah dinyatakan lulus, apakah bisa di, apa, di semua ini."
"01:05:15.850","01:05:17.130","1","Itu sih, ternyata di situ."
"01:05:17.930","01:05:23.910","1","Itu. Termasuk juga yang run, apa, running data, data searchnya itu yang kita sudah inputkan, tuh."
"01:05:24.030","01:05:27.690","1","Seperti itu sudah bisa di, sudah bisa di, di jalan lah aplikasinya."
"01:05:27.850","01:05:32.570","1","Itu mungkin. Ini lah nanti minta tolongin ini saja."
"01:05:32.910","01:05:34.950","1","Apa, demonya apa, segala macam."
"01:05:35.130","01:05:41.230","1","Nanti kalaupun kontrak apa nanti saya coba diskusikan dengan ini."
"01:05:41.510","01:05:48.230","1","Ataupun memang terkait ada pembiayaan, pembiayaan yang kita buktukan dan segala macam sampai ini ya."
"01:05:48.290","01:05:50.430","1","Mengguh diajukan saja ke kami, tuh."
"01:05:50.550","01:05:51.090","1","Seperti itu."
"01:05:51.870","01:05:54.070","1","Yang setelah teknisnya seperti itu."
"01:05:54.230","01:05:57.890","1","Jadi kita demo, ya jadi kita menjual demo dulu lah ceritanya."
"01:05:58.230","01:06:01.150","1","Tapi demo ya akan kita bertanggung jawabkan pada saat nantinya."
"01:06:02.290","01:06:04.050","1","Ya cuman terkendala itu juga."
"01:06:04.250","01:06:08.490","1","Terkendala waktu itu jangan sampai kita bagus-bagus medemonya."
"01:06:08.630","01:06:16.150","1","Ternyata tidak bisa melewati tanggat waktu yang di, ini kan tuh disyaratkan untuk tampil di, di nasional lah cerita."
"01:06:17.830","01:06:23.130","1","Itu mungkin dari saya, Ma Aswari, Kak Radhi, Mas Agung, Kasul."
"01:06:24.010","01:06:25.170","1","Sudah masukan lain mungkin."
"01:06:26.830","01:06:27.430","3","Cukup, Mas."
"01:06:28.550","01:06:29.470","4","Cukup, cukup."
"01:06:29.470","01:06:30.370","4","Cukup, sebentar ya, Mas."
"01:06:32.530","01:06:34.890","1","Jadi itu saja mungkin, Arham, nanti ini ya."
"01:06:35.030","01:06:37.030","1","Sisa tampilannya paling nanti dibuatkan."
"01:06:37.250","01:06:39.450","1","Kira-kira kalau yang tampilan demonya itu supaya ini."
"01:06:39.930","01:06:47.130","1","Kan sistemnya kayak buat ini kira lagi kayak, apa, script ya, jadi kayak ada latar belakangnya dulu harus kami buat begitu."
"01:06:47.330","01:06:51.950","1","Nah kira-kira kan kalau isi intinya kan yang demo yang kita buat nih itu nantinya."
"01:06:52.130","01:06:57.670","1","Kira-kira berapa lama kalau atas demonya itu kita buat supaya kami juga ini tuh."
"01:06:58.770","01:07:04.770","1","Kita segera submit makalahnya sama contoh aplikasi kita seperti itu."
"01:07:04.850","01:07:06.410","1","Dalam bentuk makalah sih dia punya nanti."
"01:07:07.310","01:07:10.950","2","Oke, kalau sekedar luarnya tadi, 1-2 minggu, Kak."
"01:07:11.190","01:07:11.890","1","Oh, 2 minggu, ya."
"01:07:12.070","01:07:12.290","1","Oke."
"01:07:12.450","01:07:16.530","1","Berarti akhir bulan inilah saya mungkin bisa terima ya paling lambatnya ya."
"01:07:17.050","01:07:19.410","1","Kan sekarang sudah tanggal 19."
"01:07:20.370","01:07:20.550","","Ya."
"01:07:21.450","01:07:24.050","2","Mungkin di awal bulan depan."
"01:07:24.130","01:07:24.490","2","Awal bulan."
"01:07:24.630","01:07:25.130","1","Oh, boleh."
"01:07:25.850","01:07:27.890","1","Bolehlah saya coba ini kan kalau begitu."
"01:07:29.830","01:07:30.190","","Siap."
"01:07:31.150","01:07:35.730","1","Nanti yang kita butuhkan, nanti saya di-share saja ke saya terkait apa-apa yang ini."
"01:07:36.570","01:07:37.890","1","Data-database yang dibutuhkan."
"01:07:38.670","01:07:38.930","1","Gitu."
"01:07:43.390","01:07:44.030","1","Oke."
"01:07:44.330","01:07:49.190","1","Kalau mungkin sudah tidak ada lagi mungkin saya ditutup saja mungkin ya."
"01:07:49.710","01:07:51.770","1","Terima kasih, Irham."
"01:07:51.770","01:07:54.770","1","Bapak sekalian mengganggu waktu liburnya."
"01:07:55.350","01:07:57.670","1","Insya Allah semua jadi ya adalah ininya."
"01:07:58.610","01:08:07.070","1","Hasilnya nanti saling menguntungkan baik individu ataupun antara kita dengan perusahaan Irham nantinya."
"01:08:08.070","01:08:12.190","1","Itu mungkin dari Irham, mana tahu ada penutup atau apa."
"01:08:12.610","01:08:13.570","1","Masukkan, menggobat."
"01:08:14.350","01:08:14.750","","Bapak Anda."
"01:08:16.830","01:08:22.510","2","Mungkin itu aja sih dari saya terkait solusi yang bisa saya berikan ya."
"01:08:22.850","01:08:24.550","2","Terima kasih buat opini-nya juga semuanya."
"01:08:25.670","01:08:27.330","2","Mungkin itu aja sih, saya Amir."
"01:08:28.600","01:08:30.270","2","Maaf juga waktunya mengganggu ya."
"01:08:30.600","01:08:31.330","2","Di hari Indonesia."
"01:08:34.390","01:08:34.910","1","Siap."
"01:08:35.210","01:08:35.370","1","Oke."
"01:08:35.870","01:08:37.990","1","Kalau gitu mungkin saya izin akhiri."
"01:08:38.170","01:08:39.070","1","Terima kasih semua."
"01:08:39.250","01:08:41.390","1","Assalamualaikum warahmatullahi wabarakatuh."
"01:08:42.990","01:08:45.350","4","Assalamualaikum warahmatullahi wabarakatuh."